entry	off	size	inflated	note	samples
0	0x5000	55	51	zlib 55->51	scenerio.gcx
1	0x5800	17489	69889	zlib 17489->69889	lang_communicationstelop.olang | lang_communicationstelop_en.olang | $1 has left the mission.
2	0xa000	17003	57215	zlib 17003->57215	pw_sample001 | r_net_coop2_weapon | r_net_prison
3	0xe800	69	87	zlib 69->87	scenerio.gcx
4	0xf000	111395	118816	zlib 111395->118816	tS;qP8+=<;3A@?_110%555#877C221E-,+;655- | ((')-,,/DCBk10/[?>=y1105##" | ;::'IHGQ?>=E
5	0x2a800	1908221	11505696	zlib 1908221->11505696	QjjZZ,kHZUUWVHZHR | MsHZW_~|'ZiR | +sHZUWV\iZ'R_
6	0x1fc800	1072003	5243056	zlib 1072003->5243056	&$$,MaR %R % | DDDDDDDDDDDDDD | DDDDDDDDDDDDDD
7	0x302800	252768	562929	zlib 252768->562929	fult_piece_a.mdp | fult_piece_b.mdp | ibox_ration_a.mdp
8	0x340800	40883	124508	zlib 40883->124508	w00s01apscan | v329_034_rtr_kaz_1 | v329_032_rtr_kaz_2
9	0x34a800	66	67	zlib 66->67	scenerio.gcx | ending_flow.rlc
10	0x34b000	188558	3588176	zlib 188558->3588176	'H3292Mt#8\|\^aHA | ]]qq.<A0}qYyaXA | YqY]Ld"0q}yqaXA
11	0x379800	48642	161229	zlib 48642->161229	lang_communicationstelop.olang | lang_communicationstelop_en.olang | $1 has left the mission.
12	0x385800	39040	118630	zlib 39040->118630	w00s01apscan | v329_034_rtr_kaz_1 | v329_032_rtr_kaz_2
13	0x38f800	62	63	zlib 62->63	scenerio.gcx
14	0x390000	210414	2625760	zlib 210414->2625760	tS;qP8+=<;3A@?_110%555#877C221E-,+;655- | ((')-,,/DCBk10/[?>=y1105##" | ;::'IHGQ?>=E
15	0x3c3800	555667	1119697	zlib 555667->1119697	fult_piece_a.mdp | fult_piece_b.mdp | ibox_ration_a.mdp
16	0x44b800	51090	166785	zlib 51090->166785	w00s01apscan | v329_034_rtr_kaz_1 | v329_032_rtr_kaz_2
17	0x458000	73	109	zlib 73->109	scenerio.gcx
18	0x458800	127726	434228	zlib 127726->434228	tS;qP8+=<;3A@?_110%555#877C221E-,+;655- | ((')-,,/DCBk10/[?>=y1105##" | ;::'IHGQ?>=E
19	0x478000	635586	10895392	zlib 635586->10895392	GddOc1a(EgeEaP | ZZZZeQa CAAC | PZPZfQa cACACya
20	0x513800	73112	2052128	zlib 73112->2052128	extra_cz1.txp
21	0x525800	1969183	25002016	zlib 1969183->25002016	extra_cz2.txp
22	0x706800	470494	1212568	zlib 470494->1212568	DD4333#efffvwwwwwwwfffW | @DD3"Ru'2CDD | DD43rRu'233DD
23	0x779800	2007734	3926021	zlib 2007734->3926021	tEXtSoftware | Adobe ImageReadyq | tEXtSoftware
24	0x964000	19600	62673	zlib 19600->62673	sebgm_title_noise_1 | bgm96_additional06 | 9CXaSU2DEFGUf
25	0x969000	64	65	zlib 64->65	scenerio.gcx | flashdemo.rlc
26	0x969800	354031	3498064	zlib 354031->3498064	'H3292Mt#8\|\^aHA | ]]qq.<A0}qYyaXA | YqY]Ld"0q}yqaXA
27	0x9c0000	136649	440297	zlib 136649->440297	lang_communicationstelop.olang | lang_communicationstelop_en.olang | $1 has left the mission.
28	0x9e1800	52642	153419	zlib 52642->153419	w00s01apscan | v329_034_rtr_kaz_1 | v329_032_rtr_kaz_2
29	0x9ee800	59	60	zlib 59->60	scenerio.gcx
30	0x9ef000	490767	1847428	zlib 490767->1847428	E)E)@PPTe)E) | 1E)WW_We)E)UU | ----E)$!.>6/
31	0xa67000	307787	426365	zlib 307787->426365	tEXtSoftware | Adobe ImageReadyq | tEXtSoftware
32	0xab2800	6597	18635	zlib 6597->18635	*** BriefingFile_InitData Start | *** BriefingFile_InitData End
33	0xab4800	160	271	zlib 160->271	.slot weapons 1 720896 | .slot my_outer_r_weapon_slot 1 2371584 | .slot net_sol_mdls 1 139264
34	0xab5000	486335	1233044	zlib 486335->1233044	000000 0##300" | 000000000 330"3 | 00 # #######3
35	0xb2c000	1907145	11431972	zlib 1907145->11431972	QjjZZ,kHZUUWVHZHR | MsHZW_~|'ZiR | +sHZUWV\iZ'R_
36	0xcfe000	1024261	4329508	zlib 1024261->4329508	&$$,MaR %R % | ms_lobby_cz1.txp
37	0xdf8800	2272231	36438052	zlib 2272231->36438052	ms_lobby_cz2.txp
38	0x1023800	58881	94308	zlib 58881->94308	KIG}642}875}-+)} | @wgfffUU53#" | """335Sffw{
39	0x1032000	1991403	3029413	zlib 1991403->3029413	tEXtSoftware | Adobe ImageReadyq | tEXtSoftware
40	0x1218800	72522	246916	zlib 72522->246916	w00s01apscan | bgm57_menu7_kgb1 | 9CXaSU2DEFGUf
41	0x122a800	146	242	zlib 146->242	.slot weapons 1 720896 | .slot my_outer_r_weapon_slot 1 2371584 | .slot lang_re_my_outer 1 294912
42	0x122b000	5695	34008	zlib 5695->34008	
43	0x122c800	342719	1008432	zlib 342719->1008432	3433&C3323#w' | pSSs"6bp"2DS | ww75y5i5v6S5
44	0x1280800	495220	1261780	zlib 495220->1261780	000000 0##300" | 000000000 330"3 | 00 # #######3
45	0x12f9800	943504	16719908	zlib 943504->16719908	UOSg!LLUUOSf! | 8,cMk%ZYEns,c | sMku[fWmk,c*
46	0x13e0000	23276	651332	zlib 23276->651332	)49u(16o$.2c"+/[``` | I8AC%DKN5+7: | /bhm/QW\=9BD%ELO5+58
47	0x13e6000	1990495	3356357	zlib 1990495->3356357	mo01m0010_myouter_ships.mdpe | mo01m0010_myouter_ships_L.mdpe | mo01m0010_sea_and_sky.mdpe
48	0x15cc000	32531	110813	zlib 32531->110813	bgm67_m_outer1 | bgm68_m_outer2 | bgm69_m_outer3
49	0x15d4000	104	135	zlib 104->135	.slot lang_re_my_outer_ap 1 114688 | scenerio.gcx | my_outer_ap.rlc
50	0x15d4800	470199	1261616	zlib 470199->1261616	E)E)@PPTe)E) | 1E)WW_We)E)UU | ----E)$!.>6/
51	0x1647800	1907148	11431972	zlib 1907148->11431972	QjjZZ,kHZUUWVHZHR | MsHZW_~|'ZiR | +sHZUWV\iZ'R_
52	0x1819800	1024265	4329508	zlib 1024265->4329508	&$$,MaR %R % | my_outer_ap_cz1.txp
53	0x1914000	1340766	1652865	zlib 1340766->1652865	tEXtSoftware | Adobe ImageReadyq | tEXtSoftware
54	0x1a5b800	59633	207254	zlib 59633->207254	w00s01apscan | 9CXaSU2DEFGUf | pw_sample001
55	0x1a6a800	106	140	zlib 106->140	.slot lang_re_my_outer_trade 1 94208 | scenerio.gcx | my_outer_trade.rlc
56	0x1a6b000	506145	2596972	zlib 506145->2596972	E)E)@PPTe)E) | 1E)WW_We)E)UU | ----E)$!.>6/
57	0x1ae7000	2118584	19509288	zlib 2118584->19509288	my_outer_trade_cz2.txp
58	0x1cec800	2940	73760	zlib 2940->73760	trade_proto.txp
59	0x1ced800	1335333	1832001	zlib 1335333->1832001	tEXtSoftware | Adobe ImageReadyq | tEXtSoftware
60	0x1e34000	19220	61654	zlib 19220->61654	9CXaSU2DEFGUf | pw_sample001 | my_outer_trade
61	0x1e39000	121	153	zlib 121->153	.slot dynamic_map_n02pw 1 2355200 | .slot lang_re_net_vs 1 12288 | scenerio.gcx
62	0x1e39800	90354	1626452	zlib 90354->1626452	9zuWU33333UVuy3Uv | WD@D"D@@DD@D"R | 73UwU53UwwUU
63	0x1e50000	1464617	2467953	zlib 1464617->2467953	dbgbox_raiton_shd.mdp | gg_box2m01.mdp | mgs3s_blue_goal1.mdp
64	0x1fb6000	80379	747168	zlib 80379->747168	
65	0x1fca000	36015	128219	zlib 36015->128219	E6BUS[?tCXpC | r002_seaside | r050_coffee01
66	0x1fd3000	122	153	zlib 122->153	.slot dynamic_map_n18pw 1 3457024 | .slot lang_re_net_vs 1 12288 | scenerio.gcx
67	0x1fd3800	75334	1605996	zlib 75334->1605996	!#""333331!0!TFWUuuWUXUUUUet | 6d9DDDDDDDDDDDDDDD | UpUUUUUUpXWE&p
68	0x1fe6000	1441903	2427681	zlib 1441903->2427681	dbgbox_raiton_shd.mdp | gg_box1m02.mdp | mgs3s_blue_goal1.mdp
69	0x2146800	79990	662848	zlib 79990->662848	
70	0x215a800	35960	127781	zlib 35960->127781	E6BUS[?tCXpC | r002_seaside | r050_coffee01
71	0x2163800	122	153	zlib 122->153	.slot dynamic_map_n22pw 1 2465792 | .slot lang_re_net_vs 1 12288 | scenerio.gcx
72	0x2164000	56150	1577244	zlib 56150->1577244	,-#####--,.....34,.,,,,,3433333 | )$$)&&&&/&///*!*! | 0000000W0W0WW00WWWW2W2(i(iiiii000000W2
73	0x2172000	1206759	2181937	zlib 1206759->2181937	dbgbox_raiton_shd.mdp | mgs3s_blue_goal1.mdp | mgs3s_blue_goal2.mdp
74	0x2299000	165023	1629456	zlib 165023->1629456	jA2?jA2?jA2>
75	0x22c1800	35339	126476	zlib 35339->126476	E6BUS[?tCXpC | r002_seaside | r050_coffee01
76	0x22ca800	69	70	zlib 69->70	scenerio.gcx | nht_sound_test.rlc
77	0x22cb000	1835	159836	zlib 1835->159836	nht_sound_test_cz0.txp | nht_sound_test_cz1.txp
78	0x22cb800	273607550	293895697	zlib 273607550->293895697	nht_sound_test.la3 | @@@@@@@@@@@@@@ | oss_bgm_bgm_pw_ad0010.sep
79	0x127ba800	20459	61231	zlib 20459->61231	9CXaSU2DEFGUf | pw_sample001 | r_net_coop2_weapon
80	0x127bf800	64	65	zlib 64->65	scenerio.gcx | ntconnect.rlc
81	0x127c0000	678262	3813624	zlib 678262->3813624	tS;qP8+=<;3A@?_110%555#877C221E-,+;655- | ((')-,,/DCBk10/[?>=y1105##" | ;::'IHGQ?>=E
82	0x12866000	120861	352353	zlib 120861->352353	fult_piece_a.mdp | fult_piece_b.mdp | ibox_ration_a.mdp
83	0x12884000	18040	59270	zlib 18040->59270	9CXaSU2DEFGUf | pw_sample001 | r_net_coop2_weapon
84	0x12888800	71	89	zlib 71->89	scenerio.gcx | pre_extra.rlc
85	0x12889000	598572	1646788	zlib 598572->1646788	tS;qP8+=<;3A@?_110%555#877C221E-,+;655- | ((')-,,/DCBk10/[?>=y1105##" | ;::'IHGQ?>=E
86	0x1291b800	290161	6819876	zlib 290161->6819876	pre_extra_cz0.txp
87	0x12962800	431022	6750244	zlib 431022->6750244	GddOc1a(EgeEaP | ZZZZeQa CAAC | PZPZfQa cACACya
88	0x129cc000	1675026	2729729	zlib 1675026->2729729	tEXtSoftware | Adobe ImageReadyq | tEXtSoftware
89	0x12b65000	17473	58100	zlib 17473->58100	9CXaSU2DEFGUf | pw_sample001 | sebgm_title_noise_1
90	0x12b69800	155	265	zlib 155->265	.slot weapons 4 2883584 | .slot net_sol_mdls 1 139264 | .slot net_sol_mdls_low 3 122880
91	0x12b6a000	18680	192628	zlib 18680->192628	8783975/&$( " | ($),.3::7;; | !&+,.28=;>??
92	0x12b6f000	331447	9302052	zlib 331447->9302052	TTTT5qFk4Fb$ | TTTT;{Fk4Fb$ | r_coop_demo_cz1.txp
93	0x12bc0000	77147	245876	zlib 77147->245876	***)2221DDDC:::9 | ???=&&&%---+ | nnnqwwwUwwwG
94	0x12bd3000	1069708	1883777	zlib 1069708->1883777	XXXXXXXXXXXXXXXXXXX | lay_alt_timer_v.la3 | lay_call.la3
95	0x12cd8800	135	171	zlib 135->171	
96	0x12cd9000	171	319	zlib 171->319	.slot net_sol_mdls 1 139264 | .slot net_sol_sep 1 331776 | .slot weapons 5 3604480
97	0x12cd9800	53330	930168	zlib 53330->930168	fff&wwwwwwww | BDD!DD$1PfUUU | pg02x103!DDDD
98	0x12ce7000	398533	16171048	zlib 398533->16171048	TTTT5qFk4Fb$ | TTTT;{Fk4Fb$ | r_date_mission_cz1.txp
99	0x12d48800	159351	377120	zlib 159351->377120	@DDDDDDDDffffffffffffffffffhffffffffffffff8 | uwuWgffffbfhh | DDDDDDDffffffffffffffffffffffffffffffff
100	0x12d6f800	5946525	9095345	zlib 5946525->9095345	XXXXXXXXXXXXXXXXXXX | bino_item_def.mdp | came_item_def.mdp
101	0x1331b800	162	194	zlib 162->194	
102	0x1331c000	101	123	zlib 101->123	.slot lang_resident_lobby 1 319488 | @resident0.qar | resident.dar
103	0x1331c800	220967	2830604	zlib 220967->2830604	DDDDDDDDDDDDDD | DDDDDDDDDDDDDD | DDDDDDDDDDDDDD
104	0x13352800	4885261	7099281	zlib 4885261->7099281	face_tex_female.ohd | face_tex_male.ohd | face_tex_uniq.ohd
105	0x137fb800	158	190	zlib 158->190	
106	0x137fc000	168	313	zlib 168->313	.slot weapons 5 3604480 | .slot cbox 1 61440 | .slot book 3 61440
107	0x137fc800	86038	1225688	zlib 86038->1225688	DD4333#efffvwwwwwwwfffW | mffff6333333&"C | DD43rRu'233DD
108	0x13812000	396003	15650852	zlib 396003->15650852	TTTT5qFk4Fb$ | TTTT;{Fk4Fb$ | r_main01_cz1.txp
109	0x13873000	204684	303608	zlib 204684->303608	***)2221DDDC:::9 | ???=&&&%---+ | tS;qP8+=<;3A@?_110%555#877C221E-,+;655-
110	0x138a5000	8011333	11828177	zlib 8011333->11828177	amin_put_balloon.mdp | amin_put_def.eft | amin_put_def.mdp
111	0x14049000	178	210	zlib 178->210	
112	0x14049800	74	80	zlib 74->80	@resident0.qar | resident.dar | scenerio.gcx
113	0x1404a000	10003	167988	zlib 10003->167988	fontprint.txp
114	0x1404c800	1722361	2271281	zlib 1722361->2271281	segrp_0_jochu_1system.sep | 251853 PW_EN | Lavf60.11.100
115	0x141f1000	153	191	zlib 153->191	
116	0x141f1800	177	331	zlib 177->331	.slot net_sol_mdls 1 139264 | .slot net_sol_mdls_low 6 245760 | .slot net_sol_sep 6 1990656
117	0x141f2000	123063	1217628	zlib 123063->1217628	DD4333#efffvwwwwwwwfffW | mffff6333333&"C | DD43rRu'233DD
118	0x14210800	422036	16359456	zlib 422036->16359456	TTTT5qFk4Fb$ | TTTT;{Fk4Fb$ | r_net01_cz1.txp
119	0x14278000	227266	356900	zlib 227266->356900	@DDDDDDDDffffffffffffffffffhffffffffffffff8 | uwuWgffffbfhh | DDDDDDDffffffffffffffffffffffffffffffff
120	0x142af800	8453918	12721953	zlib 8453918->12721953	amin_put_balloon.mdp | amin_put_def.eft | amin_put_def.mdp
121	0x14abf800	178	210	zlib 178->210	
122	0x14ac0000	182	351	zlib 182->351	.slot net_sol_mdls 2 278528 | .slot net_sol_sep 2 663552 | .slot weapons 6 4325376
123	0x14ac0800	84672	1217448	zlib 84672->1217448	DD4333#efffvwwwwwwwfffW | mffff6333333&"C | DD43rRu'233DD
124	0x14ad5800	399958	16134180	zlib 399958->16134180	TTTT5qFk4Fb$ | TTTT;{Fk4Fb$ | r_net_coop2_cz1.txp
125	0x14b37800	227266	356900	zlib 227266->356900	@DDDDDDDDffffffffffffffffffhffffffffffffff8 | uwuWgffffbfhh | DDDDDDDffffffffffffffffffffffffffffffff
126	0x14b6f000	8018237	11853809	zlib 8018237->11853809	amin_put_balloon.mdp | amin_put_def.eft | amin_put_def.mdp
127	0x15315000	178	210	zlib 178->210	
128	0x15315800	186	358	zlib 186->358	.slot net_sol_mdls 2 278528 | .slot net_sol_sep 2 663552 | .slot weapons 6 4325376
129	0x15316000	84672	1217456	zlib 84672->1217456	DD4333#efffvwwwwwwwfffW | mffff6333333&"C | DD43rRu'233DD
130	0x1532b000	399968	16134188	zlib 399968->16134188	TTTT5qFk4Fb$ | TTTT;{Fk4Fb$ | r_net_coop2_weapon_cz1.txp
131	0x1538d000	227266	356900	zlib 227266->356900	@DDDDDDDDffffffffffffffffffhffffffffffffff8 | uwuWgffffbfhh | DDDDDDDffffffffffffffffffffffffffffffff
132	0x153c4800	8018232	11853809	zlib 8018232->11853809	amin_put_balloon.mdp | amin_put_def.eft | amin_put_def.mdp
133	0x15b6a800	178	210	zlib 178->210	
134	0x15b6b000	198	394	zlib 198->394	.slot net_sol_mdls 1 139264 | .slot net_sol_mdls_low 3 122880 | .slot net_sol_sep 4 1327104
135	0x15b6b800	84671	1217448	zlib 84671->1217448	DD4333#efffvwwwwwwwfffW | mffff6333333&"C | DD43rRu'233DD
136	0x15b80800	396006	15650852	zlib 396006->15650852	TTTT5qFk4Fb$ | TTTT;{Fk4Fb$ | r_net_coop4_cz1.txp
137	0x15be1800	227266	356900	zlib 227266->356900	@DDDDDDDDffffffffffffffffffhffffffffffffff8 | uwuWgffffbfhh | DDDDDDDffffffffffffffffffffffffffffffff
138	0x15c19000	7907445	11703905	zlib 7907445->11703905	amin_put_balloon.mdp | amin_put_def.eft | amin_put_def.mdp
139	0x163a4000	178	210	zlib 178->210	
140	0x163a4800	188	363	zlib 188->363	.slot net_sol_mdls 1 139264 | .slot net_sol_mdls_low 3 122880 | .slot net_sol_sep 4 1327104
141	0x163a5000	84673	1217452	zlib 84673->1217452	DD4333#efffvwwwwwwwfffW | mffff6333333&"C | DD43rRu'233DD
142	0x163ba000	396012	15650856	zlib 396012->15650856	TTTT5qFk4Fb$ | TTTT;{Fk4Fb$ | r_net_coop4_ai_cz1.txp
143	0x1641b000	227266	356900	zlib 227266->356900	@DDDDDDDDffffffffffffffffffhffffffffffffff8 | uwuWgffffbfhh | DDDDDDDffffffffffffffffffffffffffffffff
144	0x16452800	7721269	11507281	zlib 7721269->11507281	amin_put_balloon.mdp | amin_put_def.eft | amin_put_def.mdp
145	0x16bb0000	174	206	zlib 174->206	
146	0x16bb0800	187	352	zlib 187->352	.slot net_sol_mdls 2 278528 | .slot net_sol_sep 2 663552 | .slot weapons 3 2162688
147	0x16bb1000	84672	1217448	zlib 84672->1217448	DD4333#efffvwwwwwwwfffW | mffff6333333&"C | DD43rRu'233DD
148	0x16bc6000	396007	15650856	zlib 396007->15650856	TTTT5qFk4Fb$ | TTTT;{Fk4Fb$ | r_net_prison_cz1.txp
149	0x16c27000	227266	356900	zlib 227266->356900	@DDDDDDDDffffffffffffffffffhffffffffffffff8 | uwuWgffffbfhh | DDDDDDDffffffffffffffffffffffffffffffff
150	0x16c5e800	7907435	11703905	zlib 7907435->11703905	amin_put_balloon.mdp | amin_put_def.eft | amin_put_def.mdp
151	0x173e9800	178	210	zlib 178->210	
152	0x173ea000	79	109	zlib 79->109	@resident0.qar | @resident1.qar | @resident2.qar
153	0x173ea800	46748	1311004	zlib 46748->1311004	8783975/&$( " | ($),.3::7;; | !&+,.28=;>??
154	0x173f6000	435429	13770784	zlib 435429->13770784	TTTT5qFk4Fb$ | TTTT;{Fk4Fb$ | r_netcv_cz1.txp
155	0x17460800	159048	180260	zlib 159048->180260	***)2221DDDC:::9 | ???=&&&%---+ | tS;qP8+=<;3A@?_110%555#877C221E-,+;655-
156	0x17487800	6865977	10180433	zlib 6865977->10180433	XXXXXXXXXXXXXXXXXXX | fult_piece_a.mdp | fult_piece_b.mdp
157	0x17b14000	178	210	zlib 178->210	
158	0x17b14800	154	263	zlib 154->263	.slot net_sol_mdls 1 139264 | .slot net_sol_sep 1 331776 | .slot weapons 1 720896
159	0x17b15000	42389	966940	zlib 42389->966940	8783975/&$( " | ($),.3::7;; | !&+,.28=;>??
160	0x17b1f800	202115	12042276	zlib 202115->12042276	TTTT5qFk4Fb$ | TTTT;{Fk4Fb$ | r_prologue_cz1.txp
161	0x17b51000	125767	147576	zlib 125767->147576	***)2221DDDC:::9 | ???=&&&%---+ | tS;qP8+=<;3A@?_110%555#877C221E-,+;655-
162	0x17b70000	5342423	7834337	zlib 5342423->7834337	XXXXXXXXXXXXXXXXXXX | fult_piece_a.mdp | fult_piece_b.mdp
163	0x18088800	158	190	zlib 158->190	
164	0x18089000	127	180	zlib 127->180	.slot weapons 11 7929856 | .slot net_sol_mdls 1 139264 | @resident0.qar
165	0x18089800	42957	1040648	zlib 42957->1040648	8783975/&$( " | ($),.3::7;; | !&+,.28=;>??
166	0x18094000	363018	11304992	zlib 363018->11304992	TTTT5qFk4Fb$ | TTTT;{Fk4Fb$ | r_title_cz1.txp
167	0x180ed000	159048	180260	zlib 159048->180260	***)2221DDDC:::9 | ???=&&&%---+ | tS;qP8+=<;3A@?_110%555#877C221E-,+;655-
168	0x18114000	6665646	9882945	zlib 6665646->9882945	XXXXXXXXXXXXXXXXXXX | fult_piece_a.mdp | fult_piece_b.mdp
169	0x1876f800	178	210	zlib 178->210	
170	0x18770000	68	86	zlib 68->86	scenerio.gcx
171	0x18770800	598573	1650884	zlib 598573->1650884	tS;qP8+=<;3A@?_110%555#877C221E-,+;655- | ((')-,,/DCBk10/[?>=y1105##" | ;::'IHGQ?>=E
172	0x18803000	204034	11501600	zlib 204034->11501600	result_cz0.txp
173	0x18835000	1172779	8359992	zlib 1172779->8359992	&$$,MaR %R % | result_cz1.txp | result_cz2.txp
174	0x18953800	1355190	3801749	zlib 1355190->3801749	tEXtSoftware | Adobe ImageReadyq | tEXtSoftware
175	0x18a9e800	53787	204140	zlib 53787->204140	w00s01apscan | bgm74_ah_res_w | bgm95_additional05
176	0x18aac000	67	85	zlib 67->85	scenerio.gcx
177	0x18aac800	466969	1187868	zlib 466969->1187868	E)E)@PPTe)E) | 1E)WW_We)E)UU | ----E)$!.>6/
178	0x18b1f000	1906348	21938208	zlib 1906348->21938208	E)E)@PPTe)E) | 1E)WW_We)E)UU | ----E)$!.>6/
179	0x18cf0800	357198	5476384	zlib 357198->5476384	GddOc1a(EgeEaP | ZZZZeQa CAAC | PZPZfQa cACACya
180	0x18d48000	1810961	2809665	zlib 1810961->2809665	tEXtSoftware | Adobe ImageReadyq | tEXtSoftware
181	0x18f02800	31713	108617	zlib 31713->108617	sebgm_title_noise_1 | bgm96_additional06 | 9CXaSU2DEFGUf
182	0x18f0a800	155	258	zlib 155->258	.slot weapons 1 720896 | .slot my_outer_r_weapon_slot 1 2371584 | .slot net_sol_mdls 1 139264
183	0x18f0b000	545794	1327340	zlib 545794->1327340	000000 0##300" | 000000000 330"3 | 00 # #######3
184	0x18f90800	352307	10006564	zlib 352307->10006564	vs_lobby_cz0.txp
185	0x18fe7000	14254	630820	zlib 14254->630820	vs_lobby_cz1.txp
186	0x18fea800	2272231	36438052	zlib 2272231->36438052	vs_lobby_cz2.txp
187	0x19215800	1688146	2829109	zlib 1688146->2829109	tEXtSoftware | Adobe ImageReadyq | tEXtSoftware
188	0x193b2000	24166	72907	zlib 24166->72907	bgm99_additional09 | 9CXaSU2DEFGUf | pw_sample001
189	0x193b8000	102	131	zlib 102->131	.slot lang_re_vs_result 1 180224 | scenerio.gcx | vs_result.rlc
190	0x193b8800	466969	1187868	zlib 466969->1187868	E)E)@PPTe)E) | 1E)WW_We)E)UU | ----E)$!.>6/
191	0x1942b000	203540	11464740	zlib 203540->11464740	vs_result_cz0.txp
192	0x1945d000	14258	630820	zlib 14258->630820	vs_result_cz1.txp
193	0x19460800	430607	638705	zlib 430607->638705	tEXtSoftware | Adobe ImageReadyq | tEXtSoftware
194	0x194ca000	23263	84346	zlib 23263->84346	bgm74_ah_res_w | bgm95_additional05 | bgm93_additional03
195	0x194d0000	133	203	zlib 133->203	.slot dynamic_map_w00s01a 1 1355776 | .slot lang_re_w00s01a 1 90112 | .vram w00s01a.vrd w00s01a.vram
196	0x194d0800	627	2544	zlib 627->2544	
197	0x194d1000	143657	251858	zlib 143657->251858	UI&VugffwwwvvgU | 100$&6BpwU&G# | ;<=! :: !  !8O'PQRS/
198	0x194f4800	289272	1724736	zlib 289272->1724736	=>?@A=/B&CDEFG | &')H)',I-JKL2MNO | R8STUNT/VWXY
199	0x1953b800	7962239	9258849	zlib 7962239->9258849	nrtn_bik_def_dmo.mdpe | sna_naked_op.mdpe | D0010_SD0010m_op.la3
200	0x19cd3800	26097	130224	zlib 26097->130224	
201	0x19cda000	447	1216	zlib 447->1216	
202	0x19cda800	93743	330144	zlib 93743->330144	w00s01apscan | E6BUS[?tCXpC | v329_034_rtr_kaz_1
203	0x19cf1800	129	192	zlib 129->192	.slot dynamic_map_w00s01a 1 1355776 | .slot lang_re_w00s01apscan 1 53248 | w00s01apscan.geom
204	0x19cf2000	329797	2142520	zlib 329797->2142520	bC3{T7'W`A/]_?-[M0 E8 | ZZZZZ[\]^_`O | 6ZZZZZ6b\cdPePS
205	0x19d43000	3445521	5120413	zlib 3445521->5120413	ene_msf_tutorial.mtar | ene_msf_tutorial.mtsq | )`|#e<k7R@HA!;
206	0x1a08c800	26698	136256	zlib 26698->136256	
207	0x1a093800	434	1216	zlib 434->1216	
208	0x1a094000	87739	329630	zlib 87739->329630	w00s01apscan | v329_034_rtr_kaz_1 | v329_032_rtr_kaz_2
209	0x1a0a9800	125	174	zlib 125->174	.slot dynamic_map_w01s01a 1 2580480 | .slot lang_re_w01s01a 1 1257472 | w01s01a.geom
210	0x1a0aa000	450505	2769820	zlib 450505->2769820	%""UUff""%""""R | 33333333333333333333333333333333333333333333333333333343333333333333DDD4CD4CDDDD | wwxwwwwxw&UbV%
211	0x1a118000	3282750	5838897	zlib 3282750->5838897	ROOT_cmobj_bigbouy_vcol16.mdp | ROOT_cmobj_bouy.mdp | ROOT_cmobj_bouy_chip.mdp
212	0x1a439800	219803	889376	zlib 219803->889376	
213	0x1a46f800	22468	50336	zlib 22468->50336	
214	0x1a475000	108300	378426	zlib 108300->378426	w00s01apscan | E6BUS[?tCXpC | v329_034_rtr_kaz_1
215	0x1a48f800	124	172	zlib 124->172	.slot dynamic_map_w01s01b 1 2490368 | .slot lang_re_w01s01b 1 81920 | w01s01b.geom
216	0x1a490000	185112	2236892	zlib 185112->2236892	%""UUff""%""""R | 33333333333333333333333333333333333333333333333333333343333333333333DDD4CD4CDDDD | wwxwwwwxw&UbV%
217	0x1a4bd800	6420957	9820945	zlib 6420957->9820945	ROOT_cmobj_bigbouy_vcol16.mdp | ROOT_cmobj_coconuts_a0.mdp | ROOT_cmobj_ship_b0_vcol16.mdp
218	0x1aadd800	206451	820752	zlib 206451->820752	
219	0x1ab10000	30350	76464	zlib 30350->76464	
220	0x1ab17800	100412	360054	zlib 100412->360054	w00s01apscan | E6BUS[?tCXpC | v329_034_rtr_kaz_1
221	0x1ab30800	142	221	zlib 142->221	.slot hostage_mdls 1 401408 | .slot dynamic_map_w01s02a 1 1695744 | .slot lang_re_w01s02a 1 57344
222	0x1ab31000	96133	2089200	zlib 96133->2089200	!2"""""""""""#! | ""2"""""""3""B""""C""" | 2323"2#DCDE3#
223	0x1ab48800	1066036	2639329	zlib 1066036->2639329	fultonbox.mtar | fultonbox.mtsq | leaf_obj.mdp
224	0x1ac4d000	224072	854656	zlib 224072->854656	?d]oF^#zE##|F | d]oF^#zE##|F | ?d]oF^#zE##|F
225	0x1ac84000	44795	101072	zlib 44795->101072	EzE%FYF[F|IXF
226	0x1ac8f000	103	344	zlib 103->344	
227	0x1ac8f800	115685	441846	zlib 115685->441846	w00s01apscan | E6BUS[?tCXpC | v329_034_rtr_kaz_1
228	0x1acac000	122	159	zlib 122->159	.slot dynamic_map_w01s02n 1 1589248 | .slot lang_re_net_vs 1 12288 | w01s02n.geom
229	0x1acac800	57948	1552736	zlib 57948->1552736	,-#####--,.....34,.,,,,,3433333 | )$$)&&&&/&///*!*! | 0000000W0W0WW00WWWW2W2(i(iiiii000000W2
230	0x1acbb000	1019839	2531473	zlib 1019839->2531473	dbgbox_raiton_shd.mdp | leaf_obj.mdp | leaf_obj_g.mdp
231	0x1adb4000	204400	672192	zlib 204400->672192	d]oF^#zE##|F | ?d]oF^#zE##|F | ?d]oF^#zE##|F
232	0x1ade6000	34997	126011	zlib 34997->126011	E6BUS[?tCXpC | r002_seaside | r050_coffee01
233	0x1adef000	143	221	zlib 143->221	.slot hostage_mdls 1 401408 | .slot dynamic_map_w01s03a 1 1683456 | .slot lang_re_w01s03a 1 57344
234	0x1adef800	106860	2179368	zlib 106860->2179368	33613133ecf63 | 3cf3336ce3Vc3 | 333333c3361K
235	0x1ae0a000	959098	2532385	zlib 959098->2532385	cmobj_r052_target_a0.mdp | cmobj_r052_target_b0.mdp | cmobj_r052_targethahen.mdp
236	0x1aef4800	85412	665632	zlib 85412->665632	
237	0x1af09800	45031	125072	zlib 45031->125072	DDDDDDDDDDDDDDDDDDDDDD | H&JPJGJHM2JqMgM]ORM | Q@S6S,U!SUUKU W6U?W
238	0x1af14800	800	4368	zlib 800->4368	
239	0x1af15000	114524	441131	zlib 114524->441131	w00s01apscan | E6BUS[?tCXpC | v329_034_rtr_kaz_1
240	0x1af31000	125	184	zlib 125->184	.slot dynamic_map_w01s04a 1 1822720 | .slot lang_re_w01s04a 1 57344 | w01s04a.geom
241	0x1af31800	110667	2138572	zlib 110667->2138572	C#A"4@B$AA@2#@# | i0@ PfVvfvfv | !@#0fjiwUV*ug
242	0x1af4d000	1237170	3095601	zlib 1237170->3095601	ROOT_cmobj_bouy_chip.mdp | ROOT_cmobj_log.mdp | ROOT_cmobj_log_break.mdp
243	0x1b07b800	314598	1126032	zlib 314598->1126032	
244	0x1b0c8800	80880	191536	zlib 80880->191536	#u6?. 0I7>.>.m, | DDDDDDDDDDDDD | DDDDDDDDDDDDDDDDDDDD
245	0x1b0dc800	1034	3720	zlib 1034->3720	
246	0x1b0dd000	120649	457970	zlib 120649->457970	w00s01apscan | E6BUS[?tCXpC | v329_034_rtr_kaz_1
247	0x1b0fa800	126	184	zlib 126->184	.slot dynamic_map_w01s05a 1 4362240 | .slot lang_re_w01s05a 1 57344 | w01s05a.geom
248	0x1b0fb000	132887	2347484	zlib 132887->2347484	C#A"4@B$AA@2#@# | i0@ PfVvfvfv | !@#0fjiwUV*ug
249	0x1b11b800	1380424	3326481	zlib 1380424->3326481	ROOT_cmobj_bouy_chip.mdp | ROOT_cmobj_log.mdp | ROOT_cmobj_log_break.mdp
250	0x1b26d000	161789	1027008	zlib 161789->1027008	w%g;?Mx?d4y>
251	0x1b294800	37363	97296	zlib 37363->97296	PM[W_5e,aM[oU:ZM[ | L}Bs>"@zC}B[HYH}B | DUUUUUUUUUUUUUUUUUUUUUUUUUUUUUUUUUUUUUUUUUUUUUUUUUUUUUUUUUUUUUUUUUUUUUUUUUUUUUUU
252	0x1b29e000	502	1760	zlib 502->1760	
253	0x1b29e800	123884	461886	zlib 123884->461886	w00s01apscan | E6BUS[?tCXpC | v329_034_rtr_kaz_1
254	0x1b2bd000	126	184	zlib 126->184	.slot dynamic_map_w01s06a 1 2347008 | .slot lang_re_w01s06a 1 57344 | w01s06a.geom
255	0x1b2bd800	102458	2101548	zlib 102458->2101548	""""033CDD5D34c | """"p3333344Cg!"p | XUDD4333pD4s P
256	0x1b2d7000	965943	2548609	zlib 965943->2548609	captive.mtar | captive.mtsq | cmobj_drum_a0.mdp
257	0x1b3c3000	102707	627456	zlib 102707->627456	
258	0x1b3dc800	34516	91760	zlib 34516->91760	SR_8u>]D,%LB6 | DDDDDDDDDDDDD | DDDDDDDDDDDDD
259	0x1b3e5000	253	1248	zlib 253->1248	
260	0x1b3e5800	116056	442587	zlib 116056->442587	w00s01apscan | E6BUS[?tCXpC | v329_034_rtr_kaz_1
261	0x1b402000	143	211	zlib 143->211	.slot dynamic_map_w01s07a 1 1282048 | .slot lang_re_w01s07a 1 69632 | .vram_slot weapons 4 32768
262	0x1b402800	85365	2048276	zlib 85365->2048276	XUUUUUUUUUUUUUUUX | TUXDDDEDDTDDDEDDT | XUUUUUUUUUUUUU
263	0x1b417800	287055	819169	zlib 287055->819169	aipo_aip_def.eft | fnet_put_def.eft | fnet_put_def.mdp
264	0x1b45e000	81736	598064	zlib 81736->598064	
265	0x1b472000	24999	68592	zlib 24999->68592	67^'oF5656R' | [l+a*1F[\[\-Jb; | DDDUDUUUUUUUUUUUUUUUUU
266	0x1b478800	432	1672	zlib 432->1672	
267	0x1b479000	134432	534602	zlib 134432->534602	w00s01apscan | E6BUS[?tCXpC | v329_034_rtr_kaz_1
268	0x1b49a000	146	211	zlib 146->211	.slot dynamic_map_w01s07a 1 1282048 | .slot lang_re_w01s07b 1 69632 | .vram_slot weapons 4 32768
269	0x1b49a800	90237	2060604	zlib 90237->2060604	!"#$%"""" &'''''GHIJ#""""!K'''''TUVWX#Y""""Z['''abcdeUf#Y"Y!gh''GuvwdeVx#fCyz{|} | ''''''()*+,-.//.''''''84L40++0*0'''''''84))744)0''''''8L444)*6,,8'''''8L70+,,,,, | o''''()))))0**
270	0x1b4b1000	344452	897633	zlib 344452->897633	boss_tank_soldier.mtar | boss_tank_soldier.mtsq | ene_item_strong_def_leader_met.mdp
271	0x1b505800	81233	601152	zlib 81233->601152	
272	0x1b519800	25960	70064	zlib 25960->70064	67^'oFu9u9R' | [l+a*1F[\[\-Jb; | DDDUDUUUUUUUUUUUUUUUUU
273	0x1b520000	432	1672	zlib 432->1672	
274	0x1b520800	119147	450030	zlib 119147->450030	w00s01apscan | E6BUS[?tCXpC | v329_034_rtr_kaz_1
275	0x1b53e000	145	211	zlib 145->211	.slot dynamic_map_w01s07a 1 1282048 | .slot lang_re_w01s07c 1 69632 | .vram_slot weapons 4 32768
276	0x1b53e800	82546	1994980	zlib 82546->1994980	(()%(()+(()1(()7(()=(()G(()Q(()[(()g(()q(() | +*+#**+3++,?**+O334 | gfVUEC4DTTUUU
277	0x1b553000	285348	800801	zlib 285348->800801	hida_item_missile.mdp | leaf_obj_af50.mdp | leaf_obj_g_af50.mdp
278	0x1b599000	78007	566496	zlib 78007->566496	
279	0x1b5ac800	24371	67408	zlib 24371->67408	DDDUDUUUUUUUUUUUUUUUUU | UUUUUUUDUUUD | DUUDUUUUUUUUU
280	0x1b5b2800	432	1672	zlib 432->1672	
281	0x1b5b3000	121873	465199	zlib 121873->465199	w00s01apscan | E6BUS[?tCXpC | v329_034_rtr_kaz_1
282	0x1b5d1000	123	159	zlib 123->159	.slot dynamic_map_w01s07n 1 1339392 | .slot lang_re_net_vs 1 12288 | w01s07n.geom
283	0x1b5d1800	58210	1548596	zlib 58210->1548596	,-#####--,.....34,.,,,,,3433333 | )$$)&&&&/&///*!*! | 0000000W0W0WW00WWWW2W2(i(iiiii000000W2
284	0x1b5e0000	1006694	1977825	zlib 1006694->1977825	dbgbox_raiton_shd.mdp | mgs3s_blue_goal1.mdp | mgs3s_blue_goal2.mdp
285	0x1b6d6000	87887	482272	zlib 87887->482272	
286	0x1b6eb800	35589	128054	zlib 35589->128054	E6BUS[?tCXpC | r002_seaside | r050_coffee01
287	0x1b6f4800	127	184	zlib 127->184	.slot dynamic_map_w02s01a 1 1679360 | .slot lang_re_w02s01a 1 57344 | w02s01a.geom
288	0x1b6f5000	111524	2113820	zlib 111524->2113820	UDDDDDDDTg< | 0"cV2R"Ss""b | !%0!e&2b&S3""R
289	0x1b710800	742991	1862753	zlib 742991->1862753	butt_item_def.mdp | captive.mtar | captive.mtsq
290	0x1b7c6000	307971	1074528	zlib 307971->1074528	K}-?we#<!;<?
291	0x1b811800	87263	197168	zlib 87263->197168	\12C5SzF%zz? | DUUUUDDDDDDDDDDDD | UUUUDDDDDDDD
292	0x1b827000	393	1488	zlib 393->1488	
293	0x1b827800	115932	449638	zlib 115932->449638	w00s01apscan | E6BUS[?tCXpC | v329_034_rtr_kaz_1
294	0x1b844000	125	184	zlib 125->184	.slot dynamic_map_w02s02a 1 1667072 | .slot lang_re_w02s02a 1 69632 | w02s02a.geom
295	0x1b844800	141492	2732488	zlib 141492->2732488	33613133ecf63 | 3cf3336ce3Vc3 | 333333c3361K
296	0x1b867800	1337780	2637413	zlib 1337780->2637413	2020_0120_ene_548_0.la3 | 2020_0120_ene_549_0.la3 | 2020_0120_ene_551_0.la3
297	0x1b9ae800	215676	999376	zlib 215676->999376	Gis=S+{?%h<>
298	0x1b9e3800	27474	71184	zlib 27474->71184	
299	0x1b9ea800	95	316	zlib 95->316	
300	0x1b9eb000	123840	483751	zlib 123840->483751	w00s01apscan | E6BUS[?tCXpC | v329_034_rtr_kaz_1
301	0x1ba09800	122	159	zlib 122->159	.slot dynamic_map_w02s02n 1 1671168 | .slot lang_re_net_vs 1 12288 | w02s02n.geom
302	0x1ba0a000	55156	1290548	zlib 55156->1290548	,-#####--,.....34,.,,,,,3433333 | )$$)&&&&/&///*!*! | 0000000W0W0WW00WWWW2W2(i(iiiii000000W2
303	0x1ba17800	590192	1610113	zlib 590192->1610113	dbgbox_raiton_shd.mdp | mgs3s_blue_goal1.mdp | mgs3s_blue_goal2.mdp
304	0x1baa8000	206307	916160	zlib 206307->916160	Gis=S+{?%h<>
305	0x1bada800	34767	125650	zlib 34767->125650	E6BUS[?tCXpC | r002_seaside | r050_coffee01
306	0x1bae3000	142	210	zlib 142->210	.slot dynamic_map_w02s03a 1 262144 | .slot lang_re_w02s03a 1 69632 | .vram_slot weapons 4 32768
307	0x1bae3800	101821	2584892	zlib 101821->2584892	!"#$%"""" &'''''GHIJ#""""!K'''''TUVWX#Y""""Z['''abcdeUf#Y"Y!gh''GuvwdeVx#fCyz{|} | ''''''()*+,-.//.''''''84L40++0*0'''''''84))744)0''''''8L444)*6,,8'''''8L70+,,,,, | o''''()))))0**
308	0x1bafc800	459725	1050001	zlib 459725->1050001	boss_tank_soldier.mtar | boss_tank_soldier.mtsq | ene_item_strong_def_leader_met.mdp
309	0x1bb6d000	57914	291744	zlib 57914->291744	
310	0x1bb7b800	30277	74224	zlib 30277->74224	|Z2s<s<$OODZ2 | oMR,\>p>pm~m~>p>p,\Ypm~ | UJW/K!w^nkU4N
311	0x1bb83000	659	3048	zlib 659->3048	
312	0x1bb83800	121840	465744	zlib 121840->465744	w00s01apscan | E6BUS[?tCXpC | v329_034_rtr_kaz_1
313	0x1bba1800	145	210	zlib 145->210	.slot dynamic_map_w02s03a 1 262144 | .slot lang_re_w02s03b 1 69632 | .vram_slot weapons 4 32768
314	0x1bba2000	81285	2109688	zlib 81285->2109688	XUUUUUUUUUUUUUUUX | TUXDDDEDDTDDDEDDT | XUUUUUUUUUUUUU
315	0x1bbb6000	401089	967521	zlib 401089->967521	fnet_put_def.eft | fnet_put_def.mdp | fnet_put_net.mdp
316	0x1bc18000	50024	258480	zlib 50024->258480	
317	0x1bc24800	17529	43376	zlib 17529->43376	hlDi{lEitiXi
318	0x1bc29000	651	3048	zlib 651->3048	
319	0x1bc29800	120795	456509	zlib 120795->456509	w00s01apscan | E6BUS[?tCXpC | v329_034_rtr_kaz_1
320	0x1bc47000	143	210	zlib 143->210	.slot dynamic_map_w02s03a 1 262144 | .slot lang_re_w02s03c 1 57344 | .vram_slot weapons 4 32768
321	0x1bc47800	86045	2134188	zlib 86045->2134188	((s3wtw7swGUV | 0wt003wwDtDUtEt3@WUD31wwDDTU4wStTlEt43 | wwC03twwD736b
322	0x1bc5d000	280273	782145	zlib 280273->782145	leaf_obj_af50.mdp | leaf_obj_g_af50.mdp | pw_areamap.la3
323	0x1bca1800	43557	228480	zlib 43557->228480	
324	0x1bcac800	8726	23904	zlib 8726->23904	
325	0x1bcaf000	89	344	zlib 89->344	
326	0x1bcaf800	115257	443811	zlib 115257->443811	w00s01apscan | E6BUS[?tCXpC | v329_034_rtr_kaz_1
327	0x1bccc000	123	159	zlib 123->159	.slot dynamic_map_w02s03n 1 1896448 | .slot lang_re_net_vs 1 12288 | w02s03n.geom
328	0x1bccc800	57739	1585488	zlib 57739->1585488	,-#####--,.....34,.,,,,,3433333 | )$$)&&&&/&///*!*! | 0000000W0W0WW00WWWW2W2(i(iiiii000000W2
329	0x1bcdb000	690125	1687313	zlib 690125->1687313	cmobj_truck_sizel.mdp | dbgbox_raiton_shd.mdp | mgs3s_blue_goal1.mdp
330	0x1bd83800	67407	349024	zlib 67407->349024	
331	0x1bd94000	36877	130419	zlib 36877->130419	E6BUS[?tCXpC | r002_seaside | r050_coffee01
332	0x1bd9d800	126	184	zlib 126->184	.slot dynamic_map_w02s04a 1 9187328 | .slot lang_re_w02s04a 1 61440 | w02s04a.geom
333	0x1bd9e000	100675	2134288	zlib 100675->2134288	!2"""""""""""#! | ""2"""""""3""B""""C""" | 2323"2#DCDE3#
334	0x1bdb7000	1539586	2934977	zlib 1539586->2934977	captive.mtar | captive.mtsq | cmobj_drum_a6.mdp
335	0x1bf2f000	287829	1327648	zlib 287829->1327648	
336	0x1bf75800	83004	237712	zlib 83004->237712	3133133311111
337	0x1bf8a000	1558	5292	zlib 1558->5292	
338	0x1bf8a800	120039	460051	zlib 120039->460051	w00s01apscan | E6BUS[?tCXpC | v329_034_rtr_kaz_1
339	0x1bfa8000	126	184	zlib 126->184	.slot dynamic_map_w02s05a 1 3108864 | .slot lang_re_w02s05a 1 61440 | w02s05a.geom
340	0x1bfa8800	108041	2216212	zlib 108041->2216212	0DTUTUEUEDDDD | 0DTUTTUEDDDDf | fFDDdFdfffff
341	0x1bfc3000	1036973	2663073	zlib 1036973->2663073	D2145_SD0069s.dcd | D2145_SD0069s_snake.mtar | D2145_SD0069s_snake.mtsq
342	0x1c0c0800	181408	1381184	zlib 181408->1381184	
343	0x1c0ed000	51689	150368	zlib 51689->150368	UUUWWWWWWWW@ | UUUWWWWWWWW1 | UUUwwwwwwwwDUwwww31www1wwwww11w
344	0x1c0fa000	497	2500	zlib 497->2500	
345	0x1c0fa800	118455	451500	zlib 118455->451500	w00s01apscan | E6BUS[?tCXpC | v329_034_rtr_kaz_1
346	0x1c117800	136	187	zlib 136->187	.slot dynamic_map_w02s06a 1 2363392 | .slot lang_re_w02s06a 1 53248 | .vram_slot weapons 4 32768
347	0x1c118000	233119	2351248	zlib 233119->2351248	(()%(()+(()1(()7(()=(()G(()Q(()[(()g(()q(() | +*+#**+3++,?**+O334 | -(0`u 8BZeF)
348	0x1c151000	659651	1232289	zlib 659651->1232289	aipo_aip_def.eft | aipod_hover.mtar | >=ZIBX(1=pIDX
349	0x1c1f2800	76679	470816	zlib 76679->470816	
350	0x1c205800	108606	357736	zlib 108606->357736	w00s01apscan | E6BUS[?tCXpC | v329_034_rtr_kaz_1
351	0x1c220800	134	187	zlib 134->187	.slot dynamic_map_w02s06a 1 2363392 | .slot lang_re_w02s06b 1 32768 | .vram_slot weapons 4 32768
352	0x1c221000	114048	2064560	zlib 114048->2064560	'K' 3[1)=l;3I~G?U | 888'EEE5SSSCaaaQqqqc | !"#$#%&''((*
353	0x1c23d000	277271	783185	zlib 277271->783185	airm_coll_def.eft | ef_mon_fragment.mdp | ef_mon_splash.mdp
354	0x1c281000	48862	360944	zlib 48862->360944	
355	0x1c28d000	98629	357101	zlib 98629->357101	w00s01apscan | E6BUS[?tCXpC | v329_034_rtr_kaz_1
356	0x1c2a5800	126	184	zlib 126->184	.slot dynamic_map_w02s07a 1 5197824 | .slot lang_re_w02s07a 1 57344 | w02s07a.geom
357	0x1c2a6000	96791	2158820	zlib 96791->2158820	!2"""""""""""#! | ""2"""""""3""B""""C""" | 2323"2#DCDE3#
358	0x1c2be000	661585	1754353	zlib 661585->1754353	captive.mtar | captive.mtsq | cmobj_truck_sizel.mdp
359	0x1c360000	224597	1911312	zlib 224597->1911312	
360	0x1c397000	87231	239808	zlib 87231->239808	@a.Hxx0C`{rE | DDDDDDDDDDDDDD
361	0x1c3ac800	493	2340	zlib 493->2340	
362	0x1c3ad000	121029	462262	zlib 121029->462262	w00s01apscan | E6BUS[?tCXpC | v329_034_rtr_kaz_1
363	0x1c3cb000	123	172	zlib 123->172	.slot dynamic_map_w03s01a 1 2437120 | .slot lang_re_w03s01a 1 65536 | w03s01a.geom
364	0x1c3cb800	112135	2113844	zlib 112135->2113844	J:$efV3uDtSwww{K | 0"cV2R"Ss""b | !%0!e&2b&S3""R
365	0x1c3e7000	1219838	2627249	zlib 1219838->2627249	captive.mtar | captive.mtsq | ene_wp_banana.mtar
366	0x1c511000	304677	1529184	zlib 304677->1529184	?333?333?333? | ?433?333?333? | ?333?333?333?
367	0x1c55b800	91798	219744	zlib 91798->219744	S#L;RHTfW}VM | 111111111111111u11uu | 111111111111111u11uu
368	0x1c572000	121461	469160	zlib 121461->469160	w00s01apscan | E6BUS[?tCXpC | v329_034_rtr_kaz_1
369	0x1c590000	143	211	zlib 143->211	.slot dynamic_map_w03s02a 1 1511424 | .slot lang_re_w03s02a 1 81920 | .vram_slot weapons 4 32768
370	0x1c590800	89884	2003172	zlib 89884->2003172	(()%(()+(()1(()7(()=(()G(()Q(()[(()g(()q(() | +*+#**+3++,?**+O334 | gfVUEC4DTTUUU
371	0x1c5a6800	285162	800049	zlib 285162->800049	hida_item_missile.mdp | leaf_obj_af50.mdp | leaf_obj_g_af50.mdp
372	0x1c5ec800	155920	952416	zlib 155920->952416	?gff?fff?fff? | ?333?333?333? | ?gff?fff?fff?
373	0x1c613000	29030	67200	zlib 29030->67200	
374	0x1c61a800	608	2872	zlib 608->2872	
375	0x1c61b000	141874	568637	zlib 141874->568637	w00s01apscan | E6BUS[?tCXpC | v329_034_rtr_kaz_1
376	0x1c63e000	130	184	zlib 130->184	.slot dynamic_map_w03s02a 1 1511424 | .slot lang_re_w03s02b 1 81920 | w03s02a.geom
377	0x1c63e800	107246	2142452	zlib 107246->2142452	(()%(()+(()1(()7(()=(()G(()Q(()[(()g(()q(() | +*+#**+3++,?**+O334 | gfVUEC4DTTUUU
378	0x1c659000	402107	931665	zlib 402107->931665	captive.mtar | captive.mtsq | dshk_mag_def.eft
379	0x1c6bb800	155920	952416	zlib 155920->952416	?gff?fff?fff? | ?333?333?333? | ?gff?fff?fff?
380	0x1c6e2000	29030	67200	zlib 29030->67200	
381	0x1c6e9800	608	2872	zlib 608->2872	
382	0x1c6ea000	121414	461807	zlib 121414->461807	w00s01apscan | E6BUS[?tCXpC | v329_034_rtr_kaz_1
383	0x1c708000	126	184	zlib 126->184	.slot dynamic_map_w03s03a 1 1593344 | .slot lang_re_w03s03a 1 65536 | w03s03a.geom
384	0x1c708800	126566	2126112	zlib 126566->2126112	!2"""""""""""#! | ""2"""""""3""B""""C""" | 2323"2#DCDE3#
385	0x1c727800	1101562	2460001	zlib 1101562->2460001	captive.mtar | captive.mtsq | ene_special_motion.mtar
386	0x1c834800	311801	1237248	zlib 311801->1237248	?333?333?333? | ?ff&?gf&?gf&? | ?333?433?333?
387	0x1c881000	85358	242832	zlib 85358->242832	
388	0x1c896000	89	316	zlib 89->316	
389	0x1c896800	121142	468685	zlib 121142->468685	w00s01apscan | E6BUS[?tCXpC | v329_034_rtr_kaz_1
390	0x1c8b4800	125	184	zlib 125->184	.slot dynamic_map_w03s04a 1 1617920 | .slot lang_re_w03s04a 1 81920 | w03s04a.geom
391	0x1c8b5000	141719	2355588	zlib 141719->2355588	!"""""""""""""" | E33ffffffffff | """""""""""""""2""""""""""""""!!
392	0x1c8d8000	937725	2303457	zlib 937725->2303457	airm_coll_def.eft | captive.mtar | captive.mtsq
393	0x1c9bd000	139319	806400	zlib 139319->806400	
394	0x1c9df800	31692	83936	zlib 31692->83936	DDDDDDUUUUUUUUUUUUUUUUUUU | DDDDDDUUUUUUUUUUUUUUUUUUU | DDDDDDUUUUUUUUUUUUUUUUUUU
395	0x1c9e7800	57	184	zlib 57->184	
396	0x1c9e8000	125913	481328	zlib 125913->481328	w00s01apscan | E6BUS[?tCXpC | v329_034_rtr_kaz_1
397	0x1ca07000	122	159	zlib 122->159	.slot dynamic_map_w03s04n 1 1634304 | .slot lang_re_net_vs 1 12288 | w03s04n.geom
398	0x1ca07800	57297	1544500	zlib 57297->1544500	,-#####--,.....34,.,,,,,3433333 | )$$)&&&&/&///*!*! | 0000000W0W0WW00WWWW2W2(i(iiiii000000W2
399	0x1ca15800	555194	1516529	zlib 555194->1516529	dbgbox_raiton_shd.mdp | mgs3s_blue_goal1.mdp | mgs3s_blue_goal2.mdp
400	0x1ca9d800	123357	620320	zlib 123357->620320	
401	0x1cabc000	35016	126046	zlib 35016->126046	E6BUS[?tCXpC | r002_seaside | r050_coffee01
402	0x1cac5000	143	211	zlib 143->211	.slot dynamic_map_w03s05a 1 5201920 | .slot lang_re_w03s05a 1 65536 | .vram_slot weapons 4 32768
403	0x1cac5800	106747	2334920	zlib 106747->2334920	(()%(()+(()1(()7(()=(()G(()Q(()[(()g(()q(() | +*+#**+3++,?**+O334 | gfVUEC4DTTUUU
404	0x1cae0000	183487	474977	zlib 183487->474977	ai_heli_aipod.mtar | ai_heli_aipod.mtsq | aipo_aip_def.eft
405	0x1cb0d000	173712	1121584	zlib 173712->1121584	
406	0x1cb37800	17431	40688	zlib 17431->40688	
407	0x1cb3c000	151	736	zlib 151->736	
408	0x1cb3c800	121133	426420	zlib 121133->426420	w00s01apscan | E6BUS[?tCXpC | v329_034_rtr_kaz_1
409	0x1cb5a800	125	184	zlib 125->184	.slot dynamic_map_w04s01a 1 3055616 | .slot lang_re_w04s01a 1 57344 | w04s01a.geom
410	0x1cb5b000	143943	2793828	zlib 143943->2793828	33613133ecf63 | 3cf3336ce3Vc3 | 333333c3361K
411	0x1cb7e800	1163671	2828945	zlib 1163671->2828945	w04s01r027_basl_2leg.mdpe | captive.mtar | captive.mtsq
412	0x1cc9b000	196167	1633264	zlib 196167->1633264	\N2EHnxDhiLD
413	0x1cccb000	108466	293392	zlib 108466->293392	B[x?)Q~4LEAE | Y[j[jiqHczpNh | 5]F]FkMJ?{LOD
414	0x1cce5800	500	2432	zlib 500->2432	
415	0x1cce6000	122064	458324	zlib 122064->458324	w00s01apscan | E6BUS[?tCXpC | v329_034_rtr_kaz_1
416	0x1cd04000	123	159	zlib 123->159	.slot dynamic_map_w04s01n 1 1904640 | .slot lang_re_net_vs 1 12288 | w04s01n.geom
417	0x1cd04800	57672	1581364	zlib 57672->1581364	,-#####--,.....34,.,,,,,3433333 | )$$)&&&&/&///*!*! | 0000000W0W0WW00WWWW2W2(i(iiiii000000W2
418	0x1cd13000	732654	1953105	zlib 732654->1953105	dbgbox_raiton_shd.mdp | mgs3s_blue_goal1.mdp | mgs3s_blue_goal2.mdp
419	0x1cdc6000	143255	825008	zlib 143255->825008	\N2EHnxDhiLD
420	0x1cde9000	36225	128641	zlib 36225->128641	E6BUS[?tCXpC | r002_seaside | r050_coffee01
421	0x1cdf2000	127	184	zlib 127->184	.slot dynamic_map_w04s02a 1 5115904 | .slot lang_re_w04s02a 1 69632 | w04s02a.geom
422	0x1cdf2800	94310	2601152	zlib 94310->2601152	((s3wtw7swGUV | 0wt003wwDtDUtEt3@WUD31wwDDTU4wStTlEt43 | wwC03twwD736b
423	0x1ce0a000	681321	1455073	zlib 681321->1455073	aipo_aip_def.eft | funl_uav_def.eft | leaf_obj_af50.mdp
424	0x1ceb0800	192851	696656	zlib 192851->696656	
425	0x1cee0000	140539	323680	zlib 140539->323680	U%WfZ1`;XY^ab | M)OiR4X?P]Vaa | IHWMRqK^FcEQhJ`
426	0x1cf02800	24436	49808	zlib 24436->49808	
427	0x1cf08800	116860	449846	zlib 116860->449846	w00s01apscan | E6BUS[?tCXpC | v329_034_rtr_kaz_1
428	0x1cf25800	131	174	zlib 131->174	.slot dynamic_map_w04s02b 1 3600384 | .slot lang_re_w04s02b 1 40960 | .vram_slot weapons 4 32768
429	0x1cf26000	117906	2666648	zlib 117906->2666648	(()%(()+(()1(()7(()=(()G(()Q(()[(()g(()q(() | +*+#**+3++,?**+O334 | gfVUEC4DTTUUU
430	0x1cf43000	677735	1585905	zlib 677735->1585905	aipo_aip_def.eft | fultonbox.mtar | fultonbox.mtsq
431	0x1cfe8800	111037	390352	zlib 111037->390352	w00s01apscan | E6BUS[?tCXpC | v329_034_rtr_kaz_1
432	0x1d004000	138	187	zlib 138->187	.slot dynamic_map_w04s02a 1 5115904 | .slot lang_re_w04s02c 1 61440 | .vram_slot weapons 4 32768
433	0x1d004800	104771	2719868	zlib 104771->2719868	TTTT5qFk4Fb$ | TTTT;{Fk4Fb$ | cachetrans.txp
434	0x1d01e800	659121	1545697	zlib 659121->1545697	aipo_aip_def.eft | airm_coll_def.eft | bigtank_aipod.mtar
435	0x1d0bf800	280301	1480448	zlib 280301->1480448	
436	0x1d104000	112208	378987	zlib 112208->378987	w00s01apscan | E6BUS[?tCXpC | v329_034_rtr_kaz_1
437	0x1d11f800	125	184	zlib 125->184	.slot dynamic_map_w04s03a 1 5140480 | .slot lang_re_w04s03a 1 57344 | w04s03a.geom
438	0x1d120000	103843	2281768	zlib 103843->2281768	!2"""""""""""#! | ""2"""""""3""B""""C""" | 2323"2#DCDE3#
439	0x1d139800	762683	1363537	zlib 762683->1363537	captive.mtar | captive.mtsq | fultonbox.mtar
440	0x1d1f4000	157005	1325760	zlib 157005->1325760	
441	0x1d21a800	232294	676320	zlib 232294->676320	uuuuuu11uu111111111111111111111111111111111uuuuuuu11111111111111111111111 | uuuuuu11uu111111111111111111111111111111111uuuuuuu11111111111111111111111 | 111111111uuuuuu11uu111111111111111111111111111111111uuuuuuu111111111111111111111
442	0x1d253800	488	2792	zlib 488->2792	
443	0x1d254000	118546	454599	zlib 118546->454599	w00s01apscan | E6BUS[?tCXpC | v329_034_rtr_kaz_1
444	0x1d271000	125	184	zlib 125->184	.slot dynamic_map_w04s04a 1 2457600 | .slot lang_re_w04s04a 1 57344 | w04s04a.geom
445	0x1d271800	101626	2171208	zlib 101626->2171208	""""033333T3UU | """"PUUU53S35 | H3SUffVf0C33
446	0x1d28a800	1110336	2496513	zlib 1110336->2496513	captive.mtar | captive.mtsq | cmobj_drum_a2.mdp
447	0x1d39a000	144179	1991376	zlib 144179->1991376	
448	0x1d3bd800	54005	153696	zlib 54005->153696	W]iCkDoDB[x> | gx^aW"P-Y"P"P`LdY | YBU"^Sez`l} al}
449	0x1d3cb000	692	4636	zlib 692->4636	
450	0x1d3cb800	112159	436721	zlib 112159->436721	w00s01apscan | E6BUS[?tCXpC | v329_034_rtr_kaz_1
451	0x1d3e7000	126	184	zlib 126->184	.slot dynamic_map_w04s05a 1 2424832 | .slot lang_re_w04s05a 1 57344 | w04s05a.geom
452	0x1d3e7800	114524	2253228	zlib 114524->2253228	DDDDDDDDcbDD | FDDDDDDDDDDDD | DDDDDDDDDDDDD
453	0x1d403800	1265556	1873017	zlib 1265556->1873017	w04s05r031_passage02_panel.mdpe | w04s05r031_passage02_panel_green.mdpe | w04s05r031_passage02_panel_red.mdpe
454	0x1d538800	157815	2233200	zlib 157815->2233200	
455	0x1d55f800	70830	287392	zlib 70830->287392	NLHWD@=rDWB}H | 9y:A4M05)g0L.r4 | ,=1Y5Y5Q800j
456	0x1d571000	525	3300	zlib 525->3300	
457	0x1d571800	116990	448807	zlib 116990->448807	w00s01apscan | E6BUS[?tCXpC | v329_034_rtr_kaz_1
458	0x1d58e800	123	159	zlib 123->159	.slot dynamic_map_w04s05n 1 2416640 | .slot lang_re_net_vs 1 12288 | w04s05n.geom
459	0x1d58f000	55780	1540384	zlib 55780->1540384	,-#####--,.....34,.,,,,,3433333 | )$$)&&&&/&///*!*! | 0000000W0W0WW00WWWW2W2(i(iiiii000000W2
460	0x1d59d000	878993	1310801	zlib 878993->1310801	dbgbox_raiton_shd.mdp | mgs3s_blue_goal1.mdp | mgs3s_blue_goal2.mdp
461	0x1d674000	84673	791360	zlib 84673->791360	
462	0x1d689000	35641	128266	zlib 35641->128266	E6BUS[?tCXpC | r002_seaside | r050_coffee01
463	0x1d692000	123	172	zlib 123->172	.slot dynamic_map_w04s06a 1 2244608 | .slot lang_re_w04s06a 1 57344 | w04s06a.geom
464	0x1d692800	148614	2597176	zlib 148614->2597176	f633c6ffffffffff | lWUWW%r"""BB"B | f633c6ffffffffff
465	0x1d6b7000	2245992	4039153	zlib 2245992->4039153	grate_door.mdpe | ROOT_grate_door.mdp | captive.mtar
466	0x1d8db800	98926	579952	zlib 98926->579952	
467	0x1d8f4000	35284	112128	zlib 35284->112128	
468	0x1d8fd000	114776	441384	zlib 114776->441384	w00s01apscan | E6BUS[?tCXpC | v329_034_rtr_kaz_1
469	0x1d919800	100	116	zlib 100->116	.slot lang_re_w04s06b 1 139264 | w04s06b.geom | scenerio.gcx
470	0x1d91a000	369131	4264276	zlib 369131->4264276	DD4333#efffvwwwwwwwfffW | mffff6333333&"C | DD43rRu'233DD
471	0x1d974800	817994	1277757	zlib 817994->1277757	captive.mtar | captive.mtsq | face_tex_female.ohd
472	0x1da3c800	4052	26128	zlib 4052->26128	
473	0x1da3d800	79273	252289	zlib 79273->252289	w00s01apscan | v329_034_rtr_kaz_1 | v329_032_rtr_kaz_2
474	0x1da51000	125	184	zlib 125->184	.slot dynamic_map_w05s01a 1 7311360 | .slot lang_re_w05s01a 1 57344 | w05s01a.geom
475	0x1da51800	123708	2318708	zlib 123708->2318708	""""033333T3UU | """"PUUU53S35 | H3SUffVf0C33
476	0x1da70000	682793	1540529	zlib 682793->1540529	captive.mtar | captive.mtsq | cmobj_drum_a2.mdp
477	0x1db17000	81923	489168	zlib 81923->489168	
478	0x1db2b800	47909	143312	zlib 47909->143312	"#;a`a`Sm&uYe | '3BoZoZbg5oh_ | Tjd<xgp/q/=/=!J
479	0x1db37800	7947	18588	zlib 7947->18588	
480	0x1db39800	118663	448435	zlib 118663->448435	w00s01apscan | E6BUS[?tCXpC | v329_034_rtr_kaz_1
481	0x1db56800	126	184	zlib 126->184	.slot dynamic_map_w05s02a 1 3002368 | .slot lang_re_w05s02a 1 57344 | w05s02a.geom
482	0x1db57000	102776	2167020	zlib 102776->2167020	!2"""""""""""#! | ""2"""""""3""B""""C""" | 2323"2#DCDE3#
483	0x1db70800	612916	1166961	zlib 612916->1166961	captive.mtar | captive.mtsq | fultonbox.mtar
484	0x1dc06800	74364	561248	zlib 74364->561248	
485	0x1dc19000	38753	120544	zlib 38753->120544	c!11pJfLt;nP
486	0x1dc22800	4074	11572	zlib 4074->11572	
487	0x1dc23800	113811	439710	zlib 113811->439710	w00s01apscan | E6BUS[?tCXpC | v329_034_rtr_kaz_1
488	0x1dc3f800	126	184	zlib 126->184	.slot dynamic_map_w05s03a 1 4059136 | .slot lang_re_w05s03a 1 57344 | w05s03a.geom
489	0x1dc40000	103521	2179344	zlib 103521->2179344	!2"""""""""""#! | ""2"""""""3""B""""C""" | 2323"2#DCDE3#
490	0x1dc59800	427327	979745	zlib 427327->979745	captive.mtar | captive.mtsq | fultonbox.mtar
491	0x1dcc2000	90595	746464	zlib 90595->746464	
492	0x1dcd8800	27595	83744	zlib 27595->83744	
493	0x1dcdf800	2415	8700	zlib 2415->8700	
494	0x1dce0800	116202	443944	zlib 116202->443944	w00s01apscan | E6BUS[?tCXpC | v329_034_rtr_kaz_1
495	0x1dcfd000	137	215	zlib 137->215	.slot dynamic_map_w05s04a 1 3149824 | .slot lang_re_w05s04a 1 53248 | .vram w05s04a.vrd w05s04a.vram
496	0x1dcfd800	212	720	zlib 212->720	
497	0x1dcfe000	35681	85616	zlib 35681->85616	3"""CUE43C3#"""" | D333DUUD433#"23"UEUUUfVDD4333DD3eVefffVEE4DDDUUDvgffwwgVUDDDeffU | wvwwxgVUUUUfwwf
498	0x1dd07000	131764	2384260	zlib 131764->2384260	3"2#BCU3$UFetwq | cUf5e%"B54e5dV | AUB#33# {qwq
499	0x1dd27800	426017	1021601	zlib 426017->1021601	w05s04r036_base03a_wpanel.mdpe | captive.mtar | captive.mtsq
500	0x1dd90000	64386	465856	zlib 64386->465856	
501	0x1dda0000	95410	313424	zlib 95410->313424	
502	0x1ddb7800	593	2980	zlib 593->2980	
503	0x1ddb8000	108480	423978	zlib 108480->423978	w00s01apscan | E6BUS[?tCXpC | v329_034_rtr_kaz_1
504	0x1ddd2800	136	187	zlib 136->187	.slot dynamic_map_w05s05a 1 1433600 | .slot lang_re_w05s05a 1 49152 | .vram_slot weapons 4 32768
505	0x1ddd3000	116227	2633904	zlib 116227->2633904	!""33fEDDww333sT | hfVUfUDtww333sWffVUUfVEww73333GUUUUVffFw733233wDDUUUUfVw32"233wGDUUDTUUt3"""23sw | !3GwGDDDffft7
506	0x1ddef800	760257	1400433	zlib 760257->1400433	aipo_aip_def.eft | airm_coll_def.eft | basl_item_atomic.eft
507	0x1dea9800	35641	251472	zlib 35641->251472	
508	0x1deb2800	124264	448986	zlib 124264->448986	w00s01apscan | E6BUS[?tCXpC | v329_034_rtr_kaz_1
509	0x1ded1000	126	184	zlib 126->184	.slot dynamic_map_w05s06a 1 1503232 | .slot lang_re_w05s06a 1 57344 | w05s06a.geom
510	0x1ded1800	123897	2355664	zlib 123897->2355664	!2"""""""""""#! | ""2"""""""3""B""""C""" | 2323"2#DCDE3#
511	0x1def0000	718020	1344433	zlib 718020->1344433	w05s06r051_base04a_uv.mdpe | fultonbox.mtar | fultonbox.mtsq
512	0x1df9f800	36165	325920	zlib 36165->325920	
513	0x1dfa8800	16135	61184	zlib 16135->61184	11133111111uuuuuu | 111111uuuuuu111111uuuuuu | UUUDUDUUUDUDUDUDU
514	0x1dfac800	876	3804	zlib 876->3804	
515	0x1dfad000	111350	434493	zlib 111350->434493	w00s01apscan | E6BUS[?tCXpC | v329_034_rtr_kaz_1
516	0x1dfc8800	135	215	zlib 135->215	.slot dynamic_map_w05s07a 1 5447680 | .slot lang_re_w05s07a 1 61440 | .vram w05s07a.vrd w05s07a.vram
517	0x1dfc9000	913	4632	zlib 913->4632	
518	0x1dfc9800	73382	232264	zlib 73382->232264	"333A333S1333 | %"UbUUU!UUUU33336cffff | 3333336633UU
519	0x1dfdb800	131301	2327040	zlib 131301->2327040	(DC2S33DD3DC3C3 | "23 DTGtXTECTTg | D4433DDDTTUtuUu
520	0x1dffc000	726529	1442897	zlib 726529->1442897	D5070_SD2085m.dcd | D5070_SD2085m_ciga.mtar | D5070_SD2085m_ciga.mtsq
521	0x1e0ad800	72808	817456	zlib 72808->817456	
522	0x1e0bf800	40109	157808	zlib 40109->157808	oLxP<a#YoL,\ | WUWWUUUU1u11 | WUWWUUUU1u11311
523	0x1e0c9800	172	824	zlib 172->824	
524	0x1e0ca000	117320	446603	zlib 117320->446603	w00s01apscan | E6BUS[?tCXpC | v329_034_rtr_kaz_1
525	0x1e0e7000	139	199	zlib 139->199	.slot dynamic_map_w06s01a 1 2453504 | .slot lang_re_w06s01a 1 73728 | .vram_slot weapons 4 32768
526	0x1e0e7800	109955	2330932	zlib 109955->2330932	33613133ecf63 | 3cf3336ce3Vc3 | 333333c3361K
527	0x1e102800	1018958	1849121	zlib 1018958->1849121	cmobj_r052_target_a0.mdp | cmobj_r052_target_b0.mdp | cmobj_r052_targethahen.mdp
528	0x1e1fb800	86934	671424	zlib 86934->671424	
529	0x1e211000	127299	415488	zlib 127299->415488	+B+U+~+w+>+A+ | m*\*8>R+B+u+ | |)])4d`*i*ed
530	0x1e230800	122115	464019	zlib 122115->464019	w00s01apscan | E6BUS[?tCXpC | v329_034_rtr_kaz_1
531	0x1e24e800	142	218	zlib 142->218	.slot dynamic_map_w06s02a 1 1458176 | .slot lang_re_w06s02a 1 32768 | .vram_slot weapons 4 32768
532	0x1e24f000	67	168	zlib 67->168	
533	0x1e24f800	1332	3696	zlib 1332->3696	
534	0x1e250000	118885	1995236	zlib 118885->1995236	iffffffDDDTUUD$"""3cDDDDDDTUUDDDDD3cD | A"""""""""""""""AD"""""""""""""" | ADDDDDDDDDDDDDD833c
535	0x1e26d800	644883	1240201	zlib 644883->1240201	colb_item_missile.eft | colb_item_missile.mdp | fultonbox.mtar
536	0x1e30b000	61591	376592	zlib 61591->376592	
537	0x1e31a800	105901	374859	zlib 105901->374859	w00s01apscan | E6BUS[?tCXpC | v329_034_rtr_kaz_1
538	0x1e334800	136	187	zlib 136->187	.slot dynamic_map_w06s02b 1 1429504 | .slot lang_re_w06s02b 1 40960 | .vram_slot weapons 4 32768
539	0x1e335000	115338	2011516	zlib 115338->2011516	'K' 3[1)=l;3I~G?U | 888'EEE5SSSCaaaQqqqc | !"#$#%&''((*
540	0x1e351800	653438	1291537	zlib 653438->1291537	ef_mon_fragment.mdp | ef_mon_splash.mdp | pw_areamap.la3
541	0x1e3f1800	24556	199664	zlib 24556->199664	
542	0x1e3f7800	100090	361499	zlib 100090->361499	w00s01apscan | E6BUS[?tCXpC | v329_034_rtr_kaz_1
543	0x1e410000	123	160	zlib 123->160	.slot dynamic_map_w06s02a 1 1458176 | .slot lang_re_w06s02c 1 28672 | w06s02b.geom
544	0x1e410800	380481	3604960	zlib 380481->3604960	tS;qP8+=<;3A@?_110%555#877C221E-,+;655- | ((')-,,/DCBk10/[?>=y1105##" | ;::'IHGQ?>=E
545	0x1e46d800	1923364	2843697	zlib 1923364->2843697	ciga_item_def_dmo.mdp | fult_piece_a.mdp | fult_piece_b.mdp
546	0x1e643800	24556	199664	zlib 24556->199664	
547	0x1e649800	95000	317759	zlib 95000->317759	w00s01apscan | E6BUS[?tCXpC | v329_034_rtr_kaz_1
548	0x1e661000	135	187	zlib 135->187	.slot dynamic_map_w07s01a 1 1257472 | .slot lang_re_w07s01a 1 28672 | .vram_slot weapons 4 32768
549	0x1e661800	172366	2109940	zlib 172366->2109940	LLKJ/''?@QR6 | &',-8'=..,'9 | <YJ0Z[F58?1LRR
550	0x1e68c000	863316	1523953	zlib 863316->1523953	airo_baku_def_a.mdp | bbqs_han_def.mdp | bbqs_put_def.eft
551	0x1e75f000	68032	267136	zlib 68032->267136	
552	0x1e770000	115268	414703	zlib 115268->414703	w00s01apscan | E6BUS[?tCXpC | v329_034_rtr_kaz_1
553	0x1e78c800	95	102	zlib 95->102	.slot lang_re_w07s01a 1 28672 | scenerio.gcx
554	0x1e78d000	73019	323648	zlib 73019->323648	Y0009999kkk09000Y099 | 9kkkYYY9`Y9`9 | 99999999000a[
555	0x1e79f000	1735	5185	zlib 1735->5185	pw_demotelop.la3 | stnc_knf_def.eft
556	0x1e79f800	16879	57046	zlib 16879->57046	pw_sample001 | r_net_coop2_weapon | r_net_prison
