count_mid	count_all	term	groups
1016	1823	I	codec,olang,slot
481	499	C	codec,olang,slot
424	444	R	codec,olang,slot
231	231	FF4040	olang,slot
166	342	Snake	codec,olang,slot
141	141	D Team	slot
130	195	Boss	codec,olang,slot
123	126	EXTRA OPS	slot
103	114	Heroism	olang,slot
96	104	Mother Base	codec,olang,slot
88	96	AI	codec,olang,slot
83	253	I'm	codec,slot
80	80	Targets	olang,slot
64	83	Costa Rica	codec,olang,slot
64	69	U	codec,olang,slot
63	68	CO-OPS	codec,olang,slot
61	61	TM	olang,slot
52	52	BL	slot
52	54	Stick	slot
45	77	Peace Walker	codec,olang,slot
44	141	I'll	codec,olang,slot
44	80	Paz	codec,olang,slot
42	43	ATK	olang,slot
40	50	CQC	codec,olang,slot
39	44	D	codec,slot
39	51	MSF	codec,olang,slot
37	37	Fulton	codec,slot
37	67	Kaz	codec,slot
36	38	Memory	slot
35	83	I've	codec,slot
34	34	DEC	olang,slot
31	58	Chico	codec,slot
31	33	Nicaragua	codec,slot
31	68	OK	codec,olang,slot
31	49	The Boss	codec,olang,slot
30	32	Attack Button	olang,slot
30	30	CAN	olang,slot
28	28	Design Specs	olang,slot
27	29	CIA	codec,slot
27	27	MOVE	olang
27	27	SINGLE PLAYER ONLY	slot
26	28	LIFE	slot
25	26	CAMERA	olang
25	27	Japan	codec,slot
25	104	When	slot
24	27	Iraz	codec,slot
23	23	KGB	codec,slot
23	23	Time Penalty	slot
22	23	American	codec,olang,slot
22	27	GMP	codec,slot
22	26	VERSUS OPS	olang,slot
21	30	Big Boss	codec,olang,slot
21	23	HOST	olang,slot
21	45	Soviet	codec,slot
20	20	Entry	olang,slot
20	20	Rank A	slot
20	20	VERSUS OPS Only	slot
19	19	Hand-to-hand Attack Button	olang,slot
19	19	M16	slot
19	23	Mammal Pod	codec,olang,slot
19	19	Rank B	slot
19	19	Rank C	slot
19	51	Right	olang,slot
18	27	ID	codec,olang,slot
17	21	Aim Button	olang,slot
17	20	America	codec,slot
17	19	Cuba	codec,slot
17	17	Icon	codec,olang,slot
17	25	Metal Gear ZEKE	codec,slot
17	18	Tank Battle	olang,slot
16	16	AIM	olang,slot
16	19	C4	codec,olang,slot
16	24	Items Needed	slot
16	30	Zadornov	codec,olang,slot
15	16	Attack Chopper Battle	slot
15	15	C4 Charges	slot
15	24	Dr	codec,slot
15	16	Fulton Recovery System	olang,slot
15	26	Huey	codec,slot
15	35	I'd	codec,slot
15	716	The	olang,slot
14	16	Armored Vehicle Battle	slot
14	16	BRIEFING FILES	slot
14	14	CAPCOM CO	olang,slot
14	14	CPY	olang,slot
14	14	Caribbean	codec,slot
14	15	Isla del Monstruo	codec,olang,slot
14	14	Japanese	codec,slot
14	14	LTD	olang,slot
14	16	Missions	slot
14	27	Shoot	olang,slot
14	15	Special Forces	codec,slot
13	16	AUTO AIM	slot
13	34	Amanda	codec,slot
13	15	Central America	codec,slot
13	15	Channel	olang,slot
13	13	DATA FILES	slot
13	14	Fulton Recovery	slot
13	17	Increases	slot
13	17	May	slot
13	14	Night	olang,slot
13	20	Peace Walker's	codec,slot
13	75	Select	slot
13	14	Sickbay	slot
13	25	ZEKE	codec,slot
12	12	ACT	codec,olang,slot
12	13	Cold War	codec,slot
12	13	Combat Unit	codec,slot
12	12	GL	slot
12	12	Jungle Fatigues in	slot
12	12	MO_MODEL_VIEWER_	olang
12	14	OUTER OPS	olang,slot
12	14	PSYCHE	slot
12	12	Soviet Union	codec,slot
12	12	VS	olang,slot
12	12	Xbox LIVE	olang
11	17	CANCEL	olang,slot
11	20	Coldman	codec,slot
11	12	Medical Team	slot
11	12	Mess Hall Team	codec,slot
11	14	NORAD	codec,olang,slot
11	11	RIGH	slot
11	11	RK	slot
11	11	SGL	slot
11	12	Sandinistas	codec,slot
11	12	Weapons Needed	slot
10	10	Allowing	slot
10	14	French	codec,slot
10	11	Jade	codec,olang,slot
10	16	Left	olang,slot
10	10	Paz's Diary Part	slot
10	10	STANCE	olang
10	11	United States	codec,slot
10	10	WIRELESS	slot
10	10	West German	olang,slot
9	13	Being	slot
9	9	Camera Buttons	slot
9	11	Crouch Button	olang,slot
9	14	France	codec,slot
9	14	G	codec,slot
9	11	Gear REX	codec,slot
9	9	Guardia	codec
9	11	HAL	codec
9	9	HHA	slot
9	9	JSDF	codec,olang,slot
9	9	Latin America	codec,slot
9	11	MSF's	codec,slot
9	9	Region	olang,slot
9	9	Sandinista	codec,slot
9	9	Second World War	slot
9	13	Somoza	codec,slot
9	9	Soviets	codec,slot
9	37	Strangelove	codec,olang,slot
9	10	UMAs	codec,slot
9	9	Vietnam War	codec,slot
8	8	AI Weapon Battle	slot
8	10	CPR	codec,olang,slot
8	14	Cancel	olang,slot
8	8	Cloud Forest of Central Heredia	slot
8	14	Costa Rica's	codec,slot
8	9	Jungle	olang,slot
8	12	Mine Base	slot
8	10	NASA	codec,slot
8	11	Puerto del Alba	olang,slot
8	8	STG	slot
8	12	Strangelove's	codec,slot
8	11	Up	olang,slot
8	8	Use Fulton Recovery	slot
8	11	VOCALOID	slot
8	9	West	codec,slot
7	332	A	slot
7	10	Action Button	olang,slot
7	7	Americans	codec,slot
7	7	Cafetal Aroma Encantado Coffee Plantation	slot
7	11	Chrysalis	codec,slot
7	9	Crater Base	olang,slot
7	7	Frente	codec,slot
7	10	General Sandino	codec
7	8	Hunting Quest	slot
7	9	Jungle Fatigues	olang,slot
7	7	LR	olang,slot
7	20	M16A1	slot
7	7	MORE INFO	olang,slot
7	8	Marines	codec,slot
7	9	Miners' Residence	slot
7	10	Neutralize	slot
7	27	Set	slot
7	8	Snake In	codec,slot
7	7	Thrown	slot
7	7	Time Bonus	slot
7	8	Volc	slot
7	8	Washington	codec,slot
6	8	Aldea Los Despiertos	slot
6	6	Armor Piercing	slot
6	6	Base	olang,slot
6	6	CIA's	codec,slot
6	7	CO-OPS Comm	olang,slot
6	6	Certain	olang,slot
6	17	Che	codec,olang,slot
6	14	Cipher	codec,slot
6	6	Cloud Forest	codec,slot
6	13	Coldman's	codec,slot
6	7	Date	olang,slot
6	10	Down	olang,slot
6	15	El Che	codec,slot
6	6	Eliminate Enemy Soldiers	slot
6	6	European	olang,slot
6	6	Farm	olang,slot
6	6	G3	olang,slot
6	6	Hillside	olang,slot
6	22	Hold	olang,slot
6	6	Langley	codec,slot
6	6	Look Down	olang,slot
6	6	Look Left	olang,slot
6	6	Look Right	olang,slot
6	6	Look Up	olang,slot
6	6	M14	slot
6	7	M1911A1	slot
6	6	MSF SOLDIERS ONLY	slot
6	6	Manhattan Project	codec,slot
6	12	Neutralize the	slot
6	6	PR	slot
6	6	Perfect Stealth	slot
6	7	President	codec,slot
6	10	Pupa	codec,slot
6	13	RK47	slot
6	6	Ready-to-Eat	slot
6	6	Right Stick	olang
6	9	Tigrex	codec,olang,slot
6	6	VOCALOID Edit	slot
5	5	A Space Odyssey	codec,olang,slot
5	7	Amanda's	codec,slot
5	8	Analog	slot
5	12	Bananal Fruta de Oro	slot
5	5	Bolivia	codec
5	6	Brig	slot
5	9	Cocoon	codec,slot
5	5	Colombia	codec,slot
5	6	Cosima Caminades	codec,olang,slot
5	7	Costa Rican	codec,slot
5	5	Despiertos	codec,olang,slot
5	9	El Cadalso	slot
5	5	Equipment	olang,slot
5	6	God	codec,slot
5	6	HQ	slot
5	5	Investigate the Supply Facility	slot
5	7	KPz	slot
5	6	Killing	slot
5	7	L	slot
5	6	Lago Cocibolca	codec
5	12	Los Cantos	slot
5	5	M16 and	slot
5	6	M1911	slot
5	11	M60	slot
5	11	M700	slot
5	5	MG	slot
5	6	MP5A2	olang,slot
5	5	Marksmanship Challenge	slot
5	6	Mi-24A	slot
5	5	Moscow	codec,slot
5	6	No LIFE	slot
5	5	OPS Comms	olang
5	8	Paris	codec,slot
5	5	Prison Facility	slot
5	7	Quetzalcoatl	codec,slot
5	7	Rathalos	codec,olang,slot
5	7	Red	codec,olang,slot
5	5	Restraint	slot
5	11	SVD	slot
5	23	Staff	olang,slot
5	5	TEAM	slot
5	7	TRADE	slot
5	11	The Boss'	codec,slot
5	5	Triggering	slot
5	5	VOCALOID Editor	slot
5	5	Voice Conversion Server	slot
5	7	WHITE	olang,slot
5	6	Waiting Room	slot
5	10	Zadornov's	codec
4	4	AP	slot
4	4	America's	codec,slot
4	5	BTR-60 PA	slot
4	6	Base Defense	slot
4	6	Battle Cries	slot
4	8	Battle Cry	olang,slot
4	4	Beware of Ghosts	slot
4	6	Black	olang,slot
4	8	Blow	slot
4	9	Bosque del Alba	codec,slot
4	4	CO-OP	slot
4	6	CO-OPS COMM	olang,slot
4	8	CO-OPS Comms	codec,slot
4	4	CODESA	codec,slot
4	5	Camera	slot
4	4	Change List Mode	olang,slot
4	4	Change Staff	olang,slot
4	6	Che Guevara	codec
4	4	Cobra Unit's	slot
4	5	Commander	slot
4	9	Confirm	olang,slot
4	4	Control Tower	codec,slot
4	6	Cuban Missile Crisis	codec,slot
4	4	Cuban Revolution	codec
4	4	Czarist Russia and	slot
4	6	DPM	olang,slot
4	4	Deathmatches	slot
4	11	Delete	olang,slot
4	10	EXTRAS	slot
4	4	Earth	codec,slot
4	4	East and West	codec,slot
4	5	FAL	slot
4	5	FOOD	slot
4	4	Fired	slot
4	6	Green	olang,slot
4	4	H	slot
4	130	If	olang,slot
4	5	Intel Team	codec,slot
4	13	Jack	slot
4	5	Kampfpistole	slot
4	5	LAV-Type G	slot
4	4	LOBBY	olang,slot
4	5	M21	slot
4	14	M653	slot
4	19	MAIN OPS	olang,slot
4	5	MBTk-70	olang,slot
4	5	MISSION SELECTOR	slot
4	4	MO_DEV_IT_	olang
4	4	MO_DEV_WP_	olang
4	4	Magnum	slot
4	7	Miller	codec,slot
4	6	Mining Pit	slot
4	4	Mother Base and	codec,slot
4	4	Network	slot
4	5	OFF	olang,slot
4	4	PSP	slot
4	5	PTSD	slot
4	4	Pacific	codec
4	8	Peace Walker Project	codec,slot
4	4	PlayStation	slot
4	4	REG	slot
4	4	Red Army	slot
4	5	Retrieve	slot
4	4	Round Time	slot
4	6	Rounds	slot
4	7	Ruinas de Xochiquetzal	slot
4	4	Russian	codec,slot
4	4	SEL	olang
4	4	SNAKE ONLY	slot
4	4	STA	olang,slot
4	9	START MISSION	slot
4	4	Santa Claus	codec,slot
4	5	Sleep Mode	slot
4	6	Snake Formation	codec,slot
4	4	Sorting Shed in Bananal Fruta de Oro	slot
4	4	Sputnik	codec
4	4	Supply Facility	slot
4	9	Support Strike Marker	slot
4	9	Support Supply Marker	slot
4	6	T-72U	slot
4	14	Target Practice	slot
4	5	The End	slot
4	171	This	slot
4	9	Time	olang,slot
4	8	Trenya	codec,slot
4	5	USE	olang,slot
4	10	Weapon	slot
4	4	Western	slot
4	4	World War II	codec,slot
4	4	XXMB of	olang,slot
4	6	Yellow	olang,slot
3	3	Add Stage	olang,slot
3	4	Africa	codec
3	6	Armor-Piercing	slot
3	4	Army	codec,slot
3	11	BACK	olang,slot
3	4	BASE	olang,slot
3	3	BJ	slot
3	5	BLACK	olang,slot
3	4	BTR-60 PB	slot
3	23	Back	olang
3	3	Back Gate of the U	slot
3	4	Banana	slot
3	5	Bigfoot	codec
3	3	British Navy	slot
3	4	CAP	olang,slot
3	3	CQC and	slot
3	3	Canyon	olang,slot
3	3	Capture Missions	slot
3	8	Carl Gustav	slot
3	8	Cecile	codec
3	6	Central Heredia	slot
3	4	China	slot
3	3	Chinese	slot
3	4	Cipher's	slot
3	3	Classified Document Retrieval	slot
3	3	Communications Tower	slot
3	3	Control the	slot
3	5	Custom	slot
3	3	D Team's	slot
3	3	DARPA	codec,slot
3	3	DEFCON	slot
3	4	DM	olang,slot
3	3	Dead Man's Treasure	slot
3	6	Defend the	slot
3	6	Eastern Lim	slot
3	5	End	olang,slot
3	5	Enemy Search	olang,slot
3	5	FIM-43	slot
3	4	FOX	slot
3	3	FREE	slot
3	5	FSLN	codec,slot
3	4	FSLN Comandante	olang,slot
3	3	First World War	slot
3	5	G11	slot
3	3	GA-KO	slot
3	3	GRU	codec
3	3	General	codec
3	3	General's	codec
3	3	German Empire	slot
3	3	Germany	slot
3	3	Granin's	codec
3	3	Grenade Launcher	slot
3	6	HOST SEARCH	olang,slot
3	3	HOST SEARCH and	olang,slot
3	3	HUNTING QUEST	slot
3	5	Hiroshima	codec,slot
3	3	Hold Up	slot
3	3	INFO_TOP	olang
3	3	INTERROGATE	olang
3	3	Indian	slot
3	3	JUMP	olang,slot
3	3	Japan's Self-Defence Force and	slot
3	3	Junction	olang,slot
3	3	KEY_TAB	olang
3	3	Kaz Miller's	slot
3	3	Krupp	slot
3	3	L2	olang
3	4	LEAF	slot
3	4	Limited	slot
3	3	M1	slot
3	9	M10	slot
3	3	MAD	codec,slot
3	4	MANAGE DATA	slot
3	4	MBTk-70 Custom	olang,slot
3	4	METAL GEAR	slot
3	3	MONSTER HUNTER FREEDOM	olang,slot
3	4	MP5SD2	olang,slot
3	4	MSF Entrance Exam	olang,slot
3	17	Make	olang,slot
3	10	Metal Gear	codec,slot
3	4	Mi-24D	slot
3	6	Mok	codec
3	4	Monsieur Miller	codec
3	3	Mother Base's	slot
3	3	N425D	slot
3	3	N425E	slot
3	3	N425G	slot
3	3	N425H	slot
3	3	NV	slot
3	3	National Military Command Center	slot
3	156	No	codec,slot
3	3	Normal Phase	slot
3	4	ON	olang,slot
3	3	Obtain	slot
3	3	PC	slot
3	4	PRISONER ESCORT	slot
3	5	Panama	codec,slot
3	3	Parisienne	codec,slot
3	5	Pentagon	codec,slot
3	8	Play	olang,slot
3	6	Player	slot
3	8	Pooyan Mission	slot
3	9	Professor G	codec,slot
3	3	R2	olang
3	6	RED	olang,slot
3	4	RPK	slot
3	3	Rank	slot
3	4	Rations	slot
3	3	Ravine	olang,slot
3	6	Reptile Pod	codec
3	3	Ridge	olang,slot
3	3	Rubber Slug	slot
3	3	S Rank	slot
3	3	SINGLE PLAYER	slot
3	3	SINGLE and CO-OPS	slot
3	3	SMK	slot
3	4	SNAKE	slot
3	4	STEALING GEAR	slot
3	4	STOP	olang,slot
3	6	Sartre	codec
3	6	Shagohod	codec
3	4	Shotgun	slot
3	4	Sigint	codec,slot
3	3	Smoke Grenade Launcher	slot
3	5	Snake Sync	codec,slot
3	3	Somoza and	codec
3	4	Sonic Eye	slot
3	3	Sorting Shed	olang,slot
3	4	Spanish	codec,slot
3	3	States	codec,slot
3	3	Strangelove's Cassette Tape	slot
3	3	Swamp	olang,slot
3	5	T-72A	slot
3	4	TARGET DEMOLITION	slot
3	4	TDM	olang,slot
3	3	TEAMs	slot
3	3	THIS	olang,slot
3	30	Take	slot
3	3	Target Demolition	slot
3	7	Throw	slot
3	3	Torture Sequence	slot
3	4	Trade Waiting Room	slot
3	3	Twilight	slot
3	5	UFOs	codec
3	3	UN	codec
3	5	University for Peace	codec,slot
3	3	Unlimited	slot
3	3	Vietnam	codec
3	3	WLAN	slot
3	3	WW2-era MG42	slot
3	3	Weapon-Attack Button	olang,slot
3	3	West Germany	codec,slot
3	5	White	olang,slot
2	3	ADM63	slot
2	3	AH56A-Bomber	slot
2	3	AH56A-Bomber Custom	slot
2	3	AH56A-Raider	slot
2	3	AH56A-Raider Custom	slot
2	2	AI Evolution	olang,slot
2	3	AI Laboratory	slot
2	2	AI's	codec,slot
2	2	AK's	slot
2	5	ARMORED VEHICLE BATTLE	slot
2	2	ARPA	codec
2	5	Aldea de	olang,slot
2	2	Allowing Mother Base	olang,slot
2	4	Amanda and	codec,slot
2	3	American-made	slot
2	2	Americans'	codec
2	2	Area	olang,slot
2	2	Armored Vehicle	olang,slot
2	10	Article	codec
2	9	Attack	olang,slot
2	8	B	slot
2	3	BATTLE DRESS	slot
2	2	BK	slot
2	3	BTR-60 PA Custom	slot
2	3	BTR-60 PB Custom	slot
2	10	Ballistic Shield	slot
2	2	Bananal Fruta de Oro Banana Plantation	slot
2	2	Base Missions	slot
2	2	Battle Tank	slot
2	2	Bipedal Locomotion	olang,slot
2	3	Blue	slot
2	2	Blueprints	slot
2	2	Box	olang,slot
2	2	British	codec,slot
2	2	C4 for	codec
2	2	CANCEL BATTLE CRY	olang,slot
2	2	CHOCOLATE CHIP	slot
2	2	CO-OP In	slot
2	2	CO-OP Ins	olang,slot
2	4	CO-OP Ring	olang,slot
2	2	CO-OPS MEMBERS	olang
2	2	CPR As	olang,slot
2	3	CPR Rescues	olang,slot
2	2	Camaraderie and Heroism	olang,slot
2	2	Cancel Aim	olang,slot
2	2	Cancel Entire Selection	olang,slot
2	2	Cancel Selection	olang,slot
2	3	Capture	olang,slot
2	2	Caribbean Sea	codec,slot
2	3	Chairman	slot
2	2	Cielo	codec
2	2	Claymore Disarmament	slot
2	2	Color	olang,slot
2	4	Colored	slot
2	3	Columbus	codec
2	2	Congo	codec
2	2	Constitution	olang,slot
2	2	Control Tower and	olang,slot
2	3	Country X	slot
2	2	Country Y	slot
2	2	Cover the	slot
2	2	DCI	slot
2	2	DEATH MATCH TEAM DEATH MATCH CAPTURE MISSION BASE MISSION	olang,slot
2	2	DESELECT	olang,slot
2	2	DESERT AUSCAM	slot
2	2	DIE	olang,slot
2	2	DTeam	slot
2	2	Data Installation	slot
2	6	Deathmatch	olang,slot
2	4	Defend	slot
2	2	Defend Key Supplies	slot
2	4	Descartes	codec
2	119	Details	olang,slot
2	6	Develop	olang,slot
2	3	Directional	olang
2	2	Disarm	slot
2	5	Discard	olang,slot
2	4	Display	olang,slot
2	61	Do	olang,slot
2	2	EM Net	slot
2	3	EM Wave Gun	slot
2	5	EVA	olang,slot
2	4	EZ Gun	slot
2	2	Effects	slot
2	4	English	codec
2	2	Enter ZAPPIN Mode	olang,slot
2	3	FOXHOUND	codec
2	3	FULTON RECOVERY	slot
2	4	Felynes	codec
2	2	Fulton Recoveries	olang,slot
2	2	Fulton Recoveries in VS	olang,slot
2	2	Fulton Recovery Device	slot
2	2	Fulton Surface-to-air Recovery System	codec
2	4	GEAR REX	slot
2	3	GHOST PHOTOGRAPHY	slot
2	3	GRAY	slot
2	2	GRN	olang,slot
2	2	Genes	olang,slot
2	3	German	codec,slot
2	39	Go	slot
2	10	Grenade	slot
2	2	Grenader	olang,slot
2	3	Guards	olang,slot
2	2	HELP_CONTENT1	olang
2	2	HELP_CONTENT2	olang
2	2	HILLSIDE	slot
2	2	HOST of	olang
2	4	Heaven	codec
2	2	Hind	codec,slot
2	5	Huey's	codec
2	2	Hunt the Gear REX	olang,slot
2	2	Hunt the Rathalos	olang,slot
2	2	Hunt the Tigrex	olang,slot
2	2	Hunting Quests	olang,slot
2	2	INFO_MODEL	olang
2	2	INFO_TOP_JAMP_0	olang
2	2	INFO_TOP_JAMP_1	olang
2	4	INVITE FRIEND	olang
2	3	Irazu	codec,slot
2	2	Italy	codec
2	2	Item Capture	slot
2	3	J	olang,slot
2	3	JUNGLE	slot
2	2	Jackal	codec
2	5	Japan's	codec
2	2	Japan's Three Non-Nuclear Principles	codec
2	2	KB of	olang
2	2	KEY	olang
2	2	KEY_F	olang
2	4	KHAKI	olang,slot
2	2	KONAMI	olang
2	4	Khaki	olang,slot
2	4	Kidnappers	olang,slot
2	2	Kotodama Effect	olang,slot
2	2	LAV-TYPE C	slot
2	2	LAV-TYPE C CUSTOM	slot
2	3	LAV-Type C	slot
2	3	LAV-Type G Custom	slot
2	4	LAW	slot
2	4	LIFE Recovery Rounds	slot
2	2	LIFE and PSYCHE	olang,slot
2	2	LIFE of the	slot
2	2	LT and RT	olang
2	9	LV	slot
2	5	Large	slot
2	2	Level of Camaraderie of	olang,slot
2	2	Lie	olang,slot
2	2	Life Recovery	slot
2	2	Loch Ness	codec
2	2	Loch Ness Monster	codec,slot
2	2	Look Left Right	olang,slot
2	2	Look Right Right	olang,slot
2	5	Love Box	olang,slot
2	6	M1C	slot
2	4	M47	slot
2	3	MAIN BASE	slot
2	2	MAIN OPS in the	olang,slot
2	2	MAP LIST	slot
2	2	MEMBERS	olang
2	4	METAL GEAR SOLID PEACE WALKER	slot
2	3	METAL GEAR SOLID PEACE WALKER HD EDITION	olang
2	3	METAL GEAR ZEKE	slot
2	6	MG3	slot
2	2	MO_DEV_METAL_	olang
2	2	MO_MO_STATUS_	olang
2	2	MO_TRADE_EXE_	olang
2	2	MP	slot
2	2	MSF Mother Base	olang,slot
2	2	MSF and Snake	olang,slot
2	2	Mammal Pod and Peace Walker	slot
2	2	Martians and	olang,slot
2	2	Mayan	slot
2	2	Mayan and Aztec	codec
2	3	Mi-24A Custom	slot
2	3	Mi-24D Custom	slot
2	2	Mine Base and	slot
2	2	Mining Barracks	olang,slot
2	2	Mission Select	slot
2	2	Mod	slot
2	5	Model Viewer	olang,slot
2	2	Mother Base's Kill House	slot
2	2	Mother Base's Shooting Range	slot
2	5	Mr	codec
2	2	Muerte	codec
2	5	N	olang,slot
2	2	N425A	slot
2	2	N425B	slot
2	2	N425C	slot
2	2	N425F	slot
2	2	N425J	slot
2	2	N425L	slot
2	2	NMCC	slot
2	3	NML	olang,slot
2	6	NO	slot
2	2	NWD-W202	slot
2	2	Nacional	codec,slot
2	4	Nahuelito	codec
2	4	Navy Blue	olang,slot
2	2	Nessie	codec
2	2	Nica	slot
2	2	Nicaraguan	codec
2	2	No Limit	slot
2	2	None Weapons Needed	slot
2	5	Normal	olang,slot
2	2	North and South	olang,slot
2	2	Nuclear Missile	olang,slot
2	3	ONE SHOT	slot
2	2	OPS	olang,slot
2	3	OPTIONS	slot
2	2	October	codec
2	5	Open	olang,slot
2	6	Outer Heaven	codec,slot
2	3	Outer Ops	codec,slot
2	6	P	slot
2	3	PAUSE	olang
2	4	PINK	olang,slot
2	2	PLAY VOICE	olang,slot
2	3	PM	slot
2	4	PSYCHE Recovery Rounds	slot
2	2	PSYCHE of the	slot
2	2	PTRD	slot
2	2	Panama Canal	olang,slot
2	2	Paparazzi	slot
2	3	Patriot	slot
2	3	Paz's	slot
2	4	Pink	olang,slot
2	74	Please	olang,slot
2	2	Prototype Tank	slot
2	2	Psyche Recovery	slot
2	3	RATHALOS	slot
2	4	RECRUIT	slot
2	4	RPG2	slot
2	7	Railgun	slot
2	2	Raises the	slot
2	2	Real Nuke	olang,slot
2	2	Remove Equipment	olang,slot
2	2	Rescue Box Uses	olang,slot
2	4	Reset	olang,slot
2	2	Reset Selection State	olang,slot
2	2	Restore Defaults	olang
2	5	Rio San Juan	codec,slot
2	2	Round	olang,slot
2	93	S	slot
2	2	SALT-II	codec,slot
2	2	SG	slot
2	3	SOLDIER SEARCH	olang,slot
2	2	SOUND DATA ONLY	olang,slot
2	2	SPAS	slot
2	3	SPLITTER	slot
2	3	SQUARES	slot
2	5	START	olang,slot
2	3	STN	slot
2	3	SUG	slot
2	2	San Jos	slot
2	3	San Juan	codec
2	2	Sandinista National Liberation Front	codec,slot
2	2	Self-Defense Force	codec
2	2	Skill Details	olang,slot
2	2	Small Maintenance Dock of the U	slot
2	2	Smoke Grenader	olang,slot
2	2	Smoke Rounds	slot
2	3	Snake Ins	olang,slot
2	2	Snake Synced	slot
2	3	Snake Syncs	olang,slot
2	2	Snake's	codec
2	2	Sony	codec
2	3	Southeastern	slot
2	2	Soviets'	codec
2	2	Spirit	slot
2	22	Stop	olang,slot
2	9	Stop the	slot
2	5	T	olang,slot
2	3	T-72A Custom	slot
2	3	T-72U Custom	slot
2	2	TIGER STRIPE	slot
2	3	TIGREX	slot
2	2	TITLE_START	olang
2	2	TPS-L2	slot
2	3	Tanegashima Musket	slot
2	11	Target	slot
2	6	Team Deathmatch	olang,slot
2	2	Team Deathmatches	slot
2	2	Teammates	olang,slot
2	2	Test	slot
2	4	The Boss and	olang,slot
2	6	The Boss's	codec
2	2	Tickets	slot
2	60	Time Limit	slot
2	3	Torture Chamber	slot
2	2	Training Mode	slot
2	4	Tree Bark	olang,slot
2	2	Trenya and	olang,slot
2	5	Tsar Bomba	codec,slot
2	4	Twin Barrel Shotgun	slot
2	3	UFO	codec
2	2	UNEQUIP	olang,slot
2	2	US	codec,slot
2	2	US Missile Base	olang,slot
2	2	USA	slot
2	2	UT Logo	slot
2	2	Underground Base	olang,slot
2	2	Underground Base and	slot
2	2	Underground Passage of the Mine Base	slot
2	2	Use C4 Charges	slot
2	2	VERSUS OPS MEMBERS	olang
2	3	VOL	olang,slot
2	3	Venceremos	slot
2	2	Vladimir	slot
2	2	Vladimir Zadornov	slot
2	2	Vladivostok	codec,slot
2	2	Vostok	codec
2	2	WALKMAN II	slot
2	2	WATR	olang,slot
2	2	WM-2	slot
2	2	WM-EX88	slot
2	2	Washington Treaty	slot
2	4	Water	olang,slot
2	2	Weapon and	olang,slot
2	4	William Walker	codec
2	4	XFIM-92A	slot
2	2	Xbox	olang
2	4	Xbox LIVE Party INVITE	olang
2	3	Y	slot
2	2	YELW	olang,slot
2	4	Zero	codec,slot
1	1	A New Encounter	slot
1	1	AAFSS	slot
1	1	AAG	slot
1	1	ACM	slot
1	2	ADM65	slot
1	1	AH56	slot
1	3	AH56A-B	slot
1	3	AH56A-R	slot
1	1	AI Pod	codec
1	1	AI Research Lab	slot
1	2	AI Weapon Hangar	slot
1	1	AI Weapon Hangar in Nicaragua	slot
1	1	AI for	codec
1	1	AIPOD_RSRC_IDX_KEYHELP	olang
1	1	AIs	slot
1	2	AMANDA	slot
1	1	ARTIST	slot
1	1	ASAP	codec
1	1	AUSY	slot
1	1	AUTO AIM and	slot
1	1	AUTO ASSIGN	slot
1	1	AUTO-AIM	slot
1	1	AWESOME	slot
1	1	Accurized Model	slot
1	1	Acoustic Guitar Duo	olang
1	1	Actions	slot
1	1	Activation	slot
1	1	Ad Hoc	slot
1	1	Advanced Aerial Fire Support System	slot
1	2	Aerial Mine	slot
1	1	Africa's	codec
1	1	Age of Exploration	codec
1	1	Agency	codec
1	1	Alamogordo	codec
1	1	Aldea Los Despiertos Prison Facility and	slot
1	1	Algerian	codec
1	1	Algerian Sahara in	codec
1	1	Algerian War	codec
1	1	Allied	codec
1	1	Allied GHQ	codec
1	1	Allies	slot
1	1	Allowing the POW	slot
1	3	Allows	slot
1	1	Altargozo Elbakki Munyudar	codec
1	4	Although	slot
1	1	Amand- I	slot
1	1	Amanda's Sandinistas	codec
1	1	America and Russia	slot
1	1	Americas in	slot
1	1	Americas of	codec
1	1	Anastasio Somoza Garcia	codec
1	1	Andromeda Galaxy	codec
1	1	Angola	codec
1	2	Anne and Mary	codec
1	10	Answer	slot
1	2	Anti-tank Mine	slot
1	1	Antony Del Rio	slot
1	1	Apollo	codec
1	1	Apollo and Soyuz	codec
1	1	April	codec
1	1	Arabic	codec
1	1	Argentina in the	codec
1	1	Armageddon	slot
1	1	Army Chief of Staff	slot
1	1	Army's Special Forces	codec
1	2	Assassin's Straw Box	slot
1	2	Assault Rifles	slot
1	1	Assault of the Cocoon	slot
1	1	Atomic Bomb Casualty Commission	codec
1	1	Aztec	codec
1	3	BANANAL FRUTA DE ORO	slot
1	2	BASE DEFENSE	slot
1	1	BB	slot
1	2	BIKINI TOP	slot
1	1	BODY COLOR and LINE COLOR	slot
1	1	BONG	codec
1	1	BOTTOM OF CLIFF	slot
1	1	BRIEFING MENU	slot
1	1	BUTTON	olang
1	1	BUTTON DOWN	slot
1	1	Banana Plantation in	slot
1	3	Barranquilla Coast	slot
1	1	Barrel Jacket	slot
1	1	Bataille	codec
1	1	Batista	codec
1	5	Battle Dress	slot
1	1	Baudrillard	codec
1	1	Bay of Pigs	codec
1	24	Be	slot
1	3	Binoculars	slot
1	2	Blue Team	slot
1	1	Bolivian Army in	codec
1	1	Boss AI	codec
1	1	Boss I	slot
1	1	Boss's	codec
1	1	Bottom of Cliff	slot
1	2	Box Bomb	slot
1	1	Britain	codec
1	1	Buddhist	codec
1	1	Bull Barrel	slot
1	2	Burnt Ration	slot
1	1	C'est	slot
1	2	C3	codec
1	2	C96	slot
1	2	CALL	slot
1	1	CANYON	slot
1	2	CARGO TRUCK DEMOLITION	slot
1	2	CAW	slot
1	1	CEP	slot
1	2	CG	slot
1	1	CHOCO	slot
1	1	CIA and the	codec
1	1	CIA and the KGB	codec
1	1	CIA the	codec
1	2	CIPHER	codec
1	1	CLEAN	slot
1	1	CO-OP Out	slot
1	2	CO-OPS INFO	slot
1	1	CO-OPS Play Count and	slot
1	2	CO-OPS and VS	slot
1	1	CO-OPS for	codec
1	1	CODEC	slot
1	2	COL	slot
1	1	COLOMBIA	slot
1	2	COMRADE'S ALLIES	olang
1	1	CONF	olang
1	1	COOPS_CANCEL	olang
1	1	COSTA RICA	slot
1	1	CPR in the	codec
1	1	CQC-thrown	slot
1	1	CROSS BATTLE	slot
1	1	CRRRRRAZY	slot
1	1	CS	codec
1	1	CT	slot
1	1	Canned Soft Drinks	slot
1	8	Cannot	slot
1	1	Cape Canaveral in the	codec
1	4	Cardboard Box Tank	slot
1	1	Cargo Truck Demolition	slot
1	1	Caribbean Coast of Costa Rica	slot
1	1	Caribe	slot
1	1	Carnival	codec
1	1	Cartago	codec
1	4	Catarata de la Muerte	slot
1	1	Catarata de la Muerte in the Cloud Forest in Central Heredia	slot
1	1	Catherine	codec
1	1	Cathrine Taber	slot
1	1	Cecile's the	codec
1	1	Central America's	slot
1	1	Central American	slot
1	1	Central American Court of Justice	codec
1	1	Central Heredia and	slot
1	1	Central Security Service	slot
1	2	Chaff Grenade	slot
1	1	Champs-	codec
1	2	Chance of	slot
1	3	Change Rank	olang
1	1	Che Guevara the	codec
1	1	Che Guevara's	codec
1	1	Che and	codec
1	4	Che's	codec
1	1	Cherbourg	codec
1	1	Cheyenne Mountain	codec
1	1	Chico and	slot
1	3	Chico's	codec
1	1	Chicolibri	slot
1	1	Chile	slot
1	2	Choco Chip	slot
1	1	Chokehold	slot
1	1	Christopher Randolph	slot
1	2	Chrysalis Custom	slot
1	2	Chrysalis Type II	slot
1	1	Chrysalis UAV and	slot
1	1	Chrysalis's	slot
1	2	Claymore	slot
1	1	Claymores	codec
1	1	Clearing Escape	slot
1	1	Close-range Attacks	slot
1	1	Cloud	slot
1	1	Cloud Forest in	slot
1	1	Cloud Forest in Central Heredia	slot
1	1	Cloud Forest of Central Heredia and	slot
1	1	Co-Op	codec
1	2	Cocoon Custom	slot
1	2	Cocoon Type II	slot
1	1	Cocoon's	codec
1	1	Cologne	slot
1	1	Colombia MSF's	slot
1	1	Colombia and Bolivia	codec
1	1	Colombia in the	slot
1	1	Comandante	slot
1	1	Combat Pistol	slot
1	1	Combat Sambo and I'm	slot
1	1	Combat Units	slot
1	1	Comm Tower Monitoring Room	slot
1	1	Commander Miller	slot
1	1	Commander Somoza's	codec
1	2	Commando	slot
1	1	Commie	slot
1	1	Communist	codec
1	1	Communists in the	slot
1	1	Company	slot
1	3	Complete	slot
1	1	Compliments	slot
1	1	Composition	codec
1	1	Concepci	codec
1	1	Congo River	codec
1	1	Congress	slot
1	1	Control Tower Top Floor	slot
1	1	Controls Menu	slot
1	2	Conversion	slot
1	2	Cookbook	slot
1	1	Cosima Francesca Gaetana Wagner	codec
1	1	Costa Rica I	slot
1	1	Costa Rica and	slot
1	1	Costa Rica in the	codec
1	1	Costa Rica's Caribbean	codec
1	1	Costa Rica's University for Peace	slot
1	1	Costa Rican Civil Guard	codec
1	1	Costa Rican and Nicaraguan	codec
1	1	Crater of Iraz	slot
1	1	Crater of Volc	slot
1	4	Crouch	slot
1	1	Crystal Palace	slot
1	2	Cuban	codec
1	1	Cuban Missile Crisis and the Vietnam War	codec
1	2	Curry	slot
1	1	Custom Life Remaining	slot
1	1	D Lab	slot
1	1	D Team Skills	slot
1	1	DATA INSTALL	slot
1	1	DATA MANAGEMENT	slot
1	2	DATABASE	slot
1	2	DEAD MAN'S TREASURE	slot
1	2	DEFEND KEY SUPPLIES	slot
1	5	DELIVERY	slot
1	1	DEW Line	codec
1	1	DING	codec
1	3	DISCARD	slot
1	1	DOWNLOAD	slot
1	2	DSP	codec
1	1	DUMMY	slot
1	1	Da Nang	slot
1	1	Damocles	codec
1	1	Date and Time Settings	slot
1	1	David Hayter	slot
1	1	Davy Crockett	slot
1	1	Davy Crockett and	slot
1	1	De Gaulle	codec
1	2	Decoy	slot
1	1	Decreases	slot
1	7	Defeat	slot
1	1	Defeating	slot
1	1	Defend the POW	slot
1	2	Defense	slot
1	1	Defense Intelligence Agency	slot
1	1	Delivery Service	slot
1	1	Depression	codec
1	2	Desert Auscam	slot
1	10	Destroy the	slot
1	1	Destroyed	slot
1	1	Development Corporation of Costa Rica	slot
1	1	Dieu	slot
1	1	Director's	slot
1	2	Disabled	slot
1	3	Discharged	slot
1	1	Discord	olang
1	5	Doc	codec
1	7	Doctor	slot
1	1	Donna Burke	slot
1	1	Douglas Trumbull	codec
1	2	ELIMINATE ENEMY SOLDIERS	slot
1	5	EM	slot
1	1	EMP	slot
1	1	ENTRANCE	slot
1	1	ERA	slot
1	1	ESEARCH	codec
1	1	ET GRANT ALBRECHT	slot
1	1	EVERYBODY	slot
1	1	EXTRA_PLAY_STOP	olang
1	3	Earn	slot
1	1	Earnings	slot
1	1	Earth and	codec
1	1	Earth in	codec
1	1	Earth in UFOs	codec
1	1	Earth's	codec
1	1	Easily	slot
1	1	Eastern	slot
1	1	Eastern Bloc	slot
1	1	Eastern Heredia	slot
1	7	Edit	slot
1	1	Effectiveness of	slot
1	1	El Cadalso Neutralize the	slot
1	4	El Cenagal	slot
1	8	El Cenegal	slot
1	1	El Che and Fidel	codec
1	1	El Salvador and Honduras	codec
1	2	Electromagnetic Net	slot
1	1	Elephant Beetle	slot
1	3	Eliminate	slot
1	1	Eliminate the Kidnappers	slot
1	1	Elysium	codec
1	2	Enabled	slot
1	1	Enemy Base	slot
1	1	England	codec
1	1	Enigma	codec
1	4	Enough	slot
1	1	Entrance	slot
1	1	Equator	codec
1	6	Error	slot
1	2	Escort Soldier	slot
1	1	Evade the	slot
1	1	Exhibit A in G	codec
1	1	Exit the Kill House	slot
1	1	Exit the Shooting Range	slot
1	1	FANTASTIC	slot
1	1	FARM	slot
1	1	FOOD in the	slot
1	1	FR	slot
1	1	FRI	slot
1	2	FRIEND'S FRIENDS	slot
1	1	FSLN POW	slot
1	1	FSLN POWs	slot
1	1	Facebook	olang
1	1	False Data	slot
1	1	Famitsu Wave DVD	slot
1	2	Fast	slot
1	1	Female POW	slot
1	2	Fidel	codec
1	4	Fight	slot
1	1	Finale	slot
1	1	Finland	codec
1	1	First Person View	olang
1	3	Food	slot
1	1	Force	slot
1	3	Foreign Legion	codec
1	2	Fox	slot
1	1	France and	codec
1	1	France the	codec
1	1	French Revolution	codec
1	1	Frente Sandinista de Liberaci	slot
1	1	Friday	slot
1	1	Fuerte La Ladera in Volc	slot
1	1	Fuerte la Ladera in Volc	slot
1	1	Fulton Recovery Balloons	slot
1	1	G-force	codec
1	1	GAME DESIGN	slot
1	1	GAUGE	slot
1	1	GC	codec
1	1	GNP	slot
1	1	GPP	codec
1	1	Gagarin's	codec
1	1	Gairy	codec
1	1	Gallows	codec
1	1	Gauge Shotshell	slot
1	1	Gaulle	codec
1	1	Gear REX Strikes Back	slot
1	1	Gear Rex	slot
1	2	Gear Rex's	slot
1	1	General Juan Peron	codec
1	1	General Sandino's	codec
1	1	German Army	slot
1	1	Germans'	codec
1	3	Ghost Photography	slot
1	1	Ghost in the Machine	codec
1	1	Gilbert Ryle	codec
1	24	Give	slot
1	1	Great Destroyer	slot
1	1	Green Berets	codec
1	1	Grey DeLisle	slot
1	1	Groznjy Grad	slot
1	2	Groznyj Grad	slot
1	2	Guard	slot
1	1	Guatemala for	codec
1	1	Guayabo	codec
1	1	Guerilla Warfare	slot
1	1	Guerra Popular Prolongada	codec
1	1	Guerrillas'	slot
1	1	Gun Platform	slot
1	1	HALO	codec
1	1	HC	slot
1	2	HEAT	slot
1	1	HUMINT	codec
1	1	Haitian	codec
1	3	Hand-to-Hand Attack Button	slot
1	1	Hand-to-hand Action Button	slot
1	1	Handgun	slot
1	5	Handguns	slot
1	2	Hangar	slot
1	1	Hasta la	slot
1	1	Heliport of the U	slot
1	3	Hell	slot
1	1	High Capacity	slot
1	2	Hobby Magazine	slot
1	1	Hot Coldman	slot
1	1	Huey and	slot
1	1	Huey-style	codec
1	1	Human Slingshot	slot
1	1	Hunt	slot
1	1	Hush Puppy	slot
1	1	I DO	slot
1	1	I HATE	slot
1	1	I the	codec
1	1	I'm B	slot
1	1	I'm Pap	slot
1	1	I'm Trenya	slot
1	1	I'm in	slot
1	3	I'm the	slot
1	1	ICBMs	slot
1	4	ID Card	slot
1	1	IDs	codec
1	1	INFO_HELP_MODEL_VIEW01	olang
1	1	INFO_HELP_MODEL_VIEW02	olang
1	1	INFO_WAIT_CLIENT_INVITE	olang
1	1	INFO_WAIT_CLIENT_PARTY	olang
1	2	INSERT	slot
1	1	INVESTIGATE THE SUPPLY FACILITY	slot
1	3	INVITE	olang
1	1	IRBM	codec
1	1	IRBMs	codec
1	2	ITEM RUNNER	slot
1	1	ITEMS NEEDED	slot
1	8	If the	slot
1	1	Immanuel Kant	codec
1	1	In Pursuit	slot
1	1	India	slot
1	2	Infinity Bandana	slot
1	1	Inside the Lab	slot
1	1	Interrogation	slot
1	1	Iron Curtain	slot
1	6	Item	slot
1	1	Items Shared	slot
1	1	JAPANESE VOICE	slot
1	1	JUNCTION	slot
1	1	Jade Base	slot
1	1	Jade River	codec
1	1	Japanese Self-Defense Force	codec
1	1	Japanese and C	codec
1	1	Japanese for	slot
1	1	Japon	codec
1	1	Jes	codec
1	1	Joan of Arc	slot
1	2	John	slot
1	1	John Doe	codec
1	1	John F	codec
1	1	John the Baptist in	codec
1	1	Johnny	slot
1	1	July	codec
1	47	Just	slot
1	1	KEYCAN	olang
1	1	KEYDEC	olang
1	1	KG	slot
1	2	KGB Agent	slot
1	1	KGB and	codec
1	1	KGB and the CIA	slot
1	1	KGB for	codec
1	1	KGB's	codec
1	1	Kamakura Shogunate	codec
1	1	Kaz's	codec
1	2	Kennedy	codec
1	2	Kill House	codec
1	1	Killing the	slot
1	7	Kojima	codec
1	1	Kongamato and the Olitiau	codec
1	1	Korea	codec
1	1	Korean War	codec
1	2	Kotodama	codec
1	1	Krasnogorje	codec
1	1	Kremlin's	slot
1	1	L and R	slot
1	1	L1	olang
1	1	LAN	slot
1	1	LAN Access Points	slot
1	1	LAV	slot
1	1	LAV-TYPE G	slot
1	2	LAV-Type C Custom	slot
1	1	LAV-Type G Encounter	slot
1	1	LB	slot
1	2	LCD	slot
1	1	LEFT	slot
1	1	LIFE Gauge	codec
1	1	LOGO	slot
1	1	La Fortaleza de la Inmaculada Concepci	codec
1	2	La Marseillaise	codec
1	1	Lab	slot
1	1	Lago Cocibolca and	slot
1	1	Lago Nahuel Huapi in Argentina	codec
1	1	Laika the	codec
1	1	Latin American	codec
1	2	Leaf	slot
1	2	Level of Camaraderie	slot
1	1	Lie Down	slot
1	1	Life Remaining	slot
1	1	Lim	codec
1	1	Location of	slot
1	1	Log_KeyHelpText	olang
1	1	Long Barrel	slot
1	1	Long-range Attacks	slot
1	1	Long-tailed Manakin	codec
1	1	Look Down Down	slot
1	1	Look Down Right	olang
1	1	Look Up Down	slot
1	1	Look Up Right	olang
1	2	Losing	slot
1	1	Lower Weapon Button	olang
1	1	Lt	slot
1	1	Lubyanka	codec
1	5	M	slot
1	2	M134	slot
1	2	M134 Gatling Gun	slot
1	1	M16A1 for	slot
1	2	M19	slot
1	2	M1911A1 Custom	slot
1	2	M1928A1	slot
1	2	M202A1	slot
1	6	M37	slot
1	2	M63A1	slot
1	1	MAGNUM	slot
1	2	MAIN PARTS	slot
1	2	MAP	slot
1	2	MARKSMANSHIP CHALLENGE	slot
1	1	MASTER COLLECTION Version	olang
1	2	MAX	slot
1	2	MECH	slot
1	1	MECHANICAL DESIGN	slot
1	3	MI-24A	slot
1	1	MILL	slot
1	2	MILLER	slot
1	2	MISSION DETAILS	slot
1	1	MIT	codec
1	1	MLF	slot
1	1	MON	slot
1	1	MO_DEV_MECHA_	olang
1	1	MSF Soldiers Only	slot
1	1	MSF and ZEKE	slot
1	1	MSF's Mother Base	slot
1	1	MSF-Specs	slot
1	1	MULTIPLE SELECTION	slot
1	1	MY	slot
1	2	Machine Guns	slot
1	1	Maderas	codec
1	1	Madre de	slot
1	3	Magazine	slot
1	1	Male POW	slot
1	3	Mammal	slot
1	1	Mammal AI the	codec
1	2	Mammal's	slot
1	1	Manned	slot
1	1	Mar Caribe	codec
1	1	Marines'	codec
1	1	Mayan Ruin	slot
1	1	Mayan Ruins	slot
1	2	Mechanic	slot
1	1	Medical Team for	codec
1	1	Medici of Florence	codec
1	2	Menu	olang
1	1	Mercury	codec
1	1	Metal Gear ZEKE Song	slot
1	1	Metal Gear ZEKE Voice	slot
1	1	Mexican	slot
1	1	Michel Legrand's	codec
1	1	Militaires San Fronti	slot
1	2	Militaires Sans Fronti	slot
1	1	Mill	slot
1	1	Ministry of Foreign Affairs	codec
1	1	Missile Crisis	codec
1	1	Missile Intercept Mission	slot
1	1	Mission Selection Menu	slot
1	2	Mock Battle	slot
1	3	Mom	slot
1	3	Mono Grande	codec
1	1	Morir	codec
1	3	Morpho	slot
1	2	Morphos	slot
1	1	Moscow and Washington	codec
1	1	Moscow in	codec
1	2	Mosin-Nagant	slot
1	1	Mother Base Menu	codec
1	1	Mother Base R	slot
1	1	Mother of Special Forces and	slot
1	1	Motive	slot
1	3	Mouse	olang
1	11	Move	olang
1	1	Multi Purpose	slot
1	1	Multi-Purpose	slot
1	1	Munich Olympics	codec
1	1	N425D Gray	slot
1	1	N425D Navy Blue	slot
1	1	N425E Black	slot
1	1	N425E White	slot
1	1	N425G Gray	slot
1	1	N425G White	slot
1	1	N425H Red	slot
1	1	N425H White	slot
1	1	NANA MIZUKI	slot
1	3	NAVY BLUE	slot
1	1	NEO-MOSS	slot
1	2	NETWORK	slot
1	2	NEWS	slot
1	1	NICARAGUA	slot
1	1	NO ITEM SELECTED	slot
1	1	NO MUSIC SELECTED	slot
1	1	NO RECIPIENT SELECTED	slot
1	1	NPR	codec
1	1	NPT	slot
1	1	Nahuelito and Ogopogo	codec
1	1	Nahuelito in Argentina	codec
1	2	Naked Snake	slot
1	1	National Guard	codec
1	1	National Police Reserve	codec
1	1	National Reconnaissance Office	slot
1	1	National Security Agency	slot
1	1	Nazi Germany	slot
1	1	Neruda	slot
1	1	Neutralize Peace Walker Custom	slot
1	1	Neutralize Peace Walker Type II	slot
1	1	Neutralize the Chrysalis Custom	slot
1	1	Neutralize the Chrysalis Type II	slot
1	1	Neutralize the Cocoon Custom	slot
1	1	Neutralize the Cocoon Type II	slot
1	1	Neutralize the Pupa Custom	slot
1	1	Neutralize the Pupa Type II	slot
1	1	New Mexico	codec
1	3	Next Track	olang
1	1	Nicaragua Canal	codec
1	1	Nicaragua and Costa Rica	codec
1	1	Nicaragua's General Sandino	codec
1	1	Nicaraguan Border	slot
1	1	Night Vision	slot
1	2	Night Vision Goggles	slot
1	1	No Alerts	slot
1	1	No Kills	slot
1	1	No Recovery Items Used	slot
1	1	Nobel Prize	codec
1	1	Noel	slot
1	2	None	slot
1	1	Normandy	codec
1	1	North America	codec
1	1	North Pole	slot
1	1	North of the	slot
1	2	Note	olang
1	1	Novaya Zemlya	codec
1	8	November	codec
1	1	Nuclear Non-Proliferation Treaty	slot
1	1	Nuclear War	slot
1	3	Nuke	codec
1	1	OF TARGETS	slot
1	2	OFFLINE	slot
1	1	OKB-1	codec
1	2	ONLINE	slot
1	2	OPANAL	codec
1	1	OPTION_MUTE	olang
1	1	OUT BOX and	slot
1	1	OUTER OPS and	slot
1	1	Obstacle Demolition	slot
1	1	Officer Candidate	slot
1	1	Offutt Air Force Base	codec
1	1	Ogopogo in Canada	codec
1	1	Ometepe	codec
1	1	One Shot	slot
1	1	One in the	codec
1	2	Operation Snake Eater	codec
1	1	Options	slot
1	1	Orient	slot
1	2	Outbox	slot
1	1	PADCAN	olang
1	1	PADDEC	olang
1	1	PADSTA	olang
1	1	PARAMETERS	slot
1	1	PASSCODE	slot
1	1	PAZ	slot
1	3	PB	slot
1	2	PKM	slot
1	1	PLACE PC ENEMY FULTON	slot
1	1	PLACE PC FULTONS	slot
1	1	PLACE PC KILLS	slot
1	1	PLANNING	slot
1	2	PLAYER DATA	slot
1	1	PM's	slot
1	2	POOYAN MISSION	slot
1	4	POW	slot
1	1	POW Defense	slot
1	1	POWs	codec
1	1	PSYCHE and	slot
1	2	PTRD1941	slot
1	1	PTRD1941 and PTRS1941	slot
1	2	PTRS1941	slot
1	1	Panama Canal's	codec
1	1	Panama in the	codec
1	1	Pangaea	codec
1	1	Paradise in Greek	codec
1	1	Partner's List	slot
1	2	Patrolman	slot
1	1	Paul MacLean	codec
1	1	Paz and G	codec
1	1	Paz and the	slot
1	1	Paz's Request	slot
1	14	Peace	slot
1	1	Peace Day	codec
1	1	Peace Memorial Museum and the Atomic Bomb Survivors Hospital	codec
1	2	Peace Walker Custom	slot
1	1	Peace Walker Mobilized	slot
1	2	Peace Walker Type II	slot
1	3	Peace Walker's AI	codec
1	1	Peace Walker's Hangar	slot
1	1	Peace Walkers	codec
1	1	Peach Melbas	codec
1	1	Philosophers	codec
1	2	Pillbox Purgatory	slot
1	1	Point Bravo	slot
1	1	Pokke Farm	slot
1	4	Pooyan	codec
1	2	Position Camera Left	olang
1	1	Possession Time	slot
1	1	Precise Shot	slot
1	1	President Johnson	slot
1	1	President Oduber	codec
1	2	President's	slot
1	51	Press	olang
1	12	Press the Attack Button	slot
1	2	Prisoners	slot
1	2	Prohibited	slot
1	1	Puerto Limon	slot
1	1	Puerto del Alba and	slot
1	2	Pupa Custom	slot
1	2	Pupa Type II	slot
1	1	Pursue Peace Walker	slot
1	1	QUIT WITHOUT SAVING	slot
1	2	Quiet	slot
1	1	RAVINE	slot
1	1	RB	olang
1	1	RBR	slot
1	1	REAL	slot
1	1	REALLY	slot
1	1	REF	slot
1	1	REFRESH LIST	slot
1	1	RG	slot
1	1	RIDGE	slot
1	1	RK and	slot
1	1	RK's	slot
1	4	ROUND	slot
1	1	RPG-2	slot
1	1	RPG-7	slot
1	1	RPG7 in	slot
1	1	RPGs	slot
1	1	RT	olang
1	1	Rank S in	slot
1	1	Rare-meat Ration	slot
1	2	Receive	slot
1	1	Recollection	slot
1	1	Recover the	slot
1	2	Recovery	slot
1	2	Red Team	slot
1	7	Reload	olang
1	2	Reptile	slot
1	2	Rescue Box	slot
1	1	Rescue the	slot
1	1	Retaliation	slot
1	1	Retrieve the	slot
1	1	Reunited	slot
1	5	Revolution	codec
1	1	Rifle	slot
1	1	Robin Atkin Downes	slot
1	1	Rokovoj Bereg	slot
1	1	Rolling and Snake Sync	slot
1	3	Romanian	slot
1	2	Rooftop	slot
1	1	Roswell	codec
1	1	Rotation Speed	slot
1	1	Ruinas de Xochiquetzal in Central Heredia	slot
1	1	Ruinas de Xochiquetzal in the Cloud Forest in Central Heredia	slot
1	1	Russia	codec
1	2	Russian Commando	slot
1	1	Russian GRU	codec
1	2	Russian Soldier	slot
1	1	Russians	codec
1	1	Ryle in	codec
1	1	S-mines	codec
1	1	SALT II	slot
1	2	SALVAGE	slot
1	1	SAS	slot
1	1	SAT	slot
1	1	SAW_L	olang
1	1	SAW_R	olang
1	1	SB	slot
1	1	SDF	codec
1	1	SEALs	codec
1	6	SELECT	slot
1	2	SELECT BUTTON	slot
1	1	SHOWDOWN AT CRATER BASE	slot
1	1	SICKNESSES	slot
1	1	SIGINT	codec
1	2	SINGLE	slot
1	2	SKILLS	slot
1	1	SM	slot
1	2	SNEAKING SUIT	slot
1	1	SOG	codec
1	1	SOL	codec
1	1	SORTING SHED	slot
1	1	SOUND ONLY	slot
1	1	SP	slot
1	2	SPAS-12	slot
1	1	SPLIT	slot
1	1	SQRS	slot
1	1	SSBN	codec
1	2	ST	slot
1	2	STENCH	slot
1	1	SUN	slot
1	2	SWAMP	slot
1	1	SWIM TRUNKS	slot
1	1	San Hieronymo	slot
1	1	Sandinistas'	codec
1	2	Sandino	codec
1	5	Sandino's	slot
1	1	Sanskrit	codec
1	1	Santa	slot
1	1	Score Attack	slot
1	2	Scout	slot
1	1	Secretary General	slot
1	1	Secretary of Defense	slot
1	1	Sensitivity	slot
1	1	Sent	slot
1	3	Setting Select	olang
1	1	Shagohod in	codec
1	1	Short Barrel	slot
1	1	Shortens	slot
1	3	Shotguns	slot
1	1	Showdown	slot
1	1	Sickness	slot
1	2	Silo Entrance	slot
1	1	Sky King	slot
1	2	Sleep	slot
1	2	Sleep Gas Grenade	slot
1	1	Sleep Gas Mine	slot
1	1	Slot	slot
1	1	Slot Cycle	slot
1	1	Slot Swap	slot
1	5	Small	slot
1	2	Smoke Box	slot
1	8	Smoke Grenade	slot
1	1	Smoke Shell	slot
1	1	Snake Gear Retrieval	slot
1	1	Snake In and	codec
1	1	Snake Out	slot
1	1	Snake Syncing	slot
1	1	Snakey	codec
1	2	Sniper Rifles	slot
1	1	Sokolov's	slot
1	3	Soldiers	slot
1	4	Soldiers Without Borders	slot
1	2	Soliton Radar	slot
1	1	Something Kaz	slot
1	1	Something Paz	slot
1	1	Somoza for	slot
1	1	South America	slot
1	1	Soviet ICBMs	slot
1	2	Soviet Patrol Base	slot
1	1	Soviet RDS-220	codec
1	1	Soviet RDS-220's	slot
1	1	Soviet Union and	slot
1	1	Soviet Union of	slot
1	1	Soviets and	codec
1	1	Space Federation	codec
1	1	Speaker	slot
1	21	Special	slot
1	1	Speed of	slot
1	2	Splitter	slot
1	2	Squares	slot
1	1	Staff Assignment	slot
1	3	Stand	slot
1	1	Stealth Camo	slot
1	2	Stealth Camouflage	slot
1	2	Stealth Gun	slot
1	2	Stealth Mat	slot
1	1	Stealth Mat and Stealth Camo	slot
1	1	Stone Spheres of Costa Rica	codec
1	1	Strategic Arms Limitation Talks	slot
1	1	Strategic Arms Limitation Treaty	codec
1	2	Stun Box	slot
1	1	Stun Cannon	slot
1	2	Stun Grenade	slot
1	2	Submachine Guns	slot
1	1	Subtitles	olang
1	2	Support Rank	slot
1	2	Suppressor	slot
1	2	Surround Indicator	slot
1	7	System Voice	slot
1	1	T-72	slot
1	2	T-SHIRT	slot
1	4	T-shirt	olang
1	1	T-shirts in	slot
1	1	TAB_LEFT	olang
1	1	TAB_RIGHT	olang
1	1	TEAM KILL KICK	slot
1	1	THAT	slot
1	1	THU	slot
1	1	TIGER	slot
1	1	TNT and	slot
1	1	TOGGLE_ZAPPIN	olang
1	1	TONS	slot
1	1	TOP OF CLIFF	slot
1	1	TRAINING MODE	slot
1	2	TRD	slot
1	1	TTBT	slot
1	1	TUE	slot
1	2	TUTORIAL	slot
1	2	TUXEDO	slot
1	3	Tag	slot
1	1	Tanegashima	slot
1	1	Tara Strong	slot
1	1	Tarte Tatins	codec
1	15	Tell	slot
1	2	Terms of Use	slot
1	1	The Abducted Child	slot
1	1	The Cloud Forest	slot
1	1	The Destination of the Nuclear Warheads	slot
1	1	The Final Testing Ground	slot
1	3	The Ghost in the Machine	codec
1	1	The Lost One	slot
1	1	The Man in the Crater Base	slot
1	1	The Multipurpose Attack Chopper Mi-24A Closes In	slot
1	3	The Soviet Union	slot
1	1	The Supply Facility	slot
1	1	The Train Terminal	slot
1	73	There	slot
1	1	Three Principles	codec
1	3	Three-wattled Bellbird	codec
1	1	Threshold Test Ban Treaty	slot
1	1	Throws	slot
1	2	Tiger Stripe	slot
1	1	Tigrex's	slot
1	1	Time Attack	slot
1	1	Tlatelolco Treaty	codec
1	97	To	slot
1	1	To the Hideout	slot
1	1	Tokyo	codec
1	1	Top of Cliff	slot
1	2	Tortilla Chips	slot
1	1	Torture	slot
1	1	Tracking	slot
1	2	Treaty of Tlatelolco	codec
1	1	Trenya's	codec
1	1	Trenyas	slot
1	2	Tsentr	slot
1	1	Turing Test	codec
1	1	UCLA	codec
1	2	UCLAs	slot
1	1	UD	olang
1	1	UFOs in	codec
1	1	UMA	codec
1	1	UNIFORM SELECT	slot
1	2	UNQ	slot
1	1	USEFUL	codec
1	1	USSR	codec
1	35	UT	slot
1	1	Uggh	slot
1	2	Ulysses	slot
1	1	Uncle Sam	slot
1	2	Underground Passage B	slot
1	1	Unequip	slot
1	2	Unilaterally Controlled Latino Assets	slot
1	1	Uniqlo	slot
1	2	Using	slot
1	2	Uz61	slot
1	1	VIEWER01_ASSIGN01	olang
1	1	VIEWER01_ASSIGN02	olang
1	1	VIEWER02_ASSIGN01	olang
1	1	VIEWER02_ASSIGN02	olang
1	1	VIEWER04_ASSIGN01	olang
1	1	VIEWER04_ASSIGN02	olang
1	1	VIEWER05_ASSIGN01	olang
1	1	VIEWER05_ASSIGN02	olang
1	1	VIEWER06_ASSIGN01	olang
1	1	VIEWER06_ASSIGN02	olang
1	1	VSOPS_START	olang
1	1	Vanessa Marshall	slot
1	1	Venezuela	codec
1	1	Vice President	slot
1	1	Vietnam and	slot
1	14	View	slot
1	2	WA2000	slot
1	2	WALK	olang
1	11	WALKMAN	slot
1	3	WALKMAN Song	slot
1	1	WALKMAN in	slot
1	1	WEAPONS NEEDED	slot
1	1	WED	slot
1	1	Warsaw Pact	slot
1	1	Washington Convention	codec
1	1	Washington's	slot
1	47	We're	codec
1	2	Well-done Ration	slot
1	1	West Indies	slot
1	1	When in CO-OPS	slot
1	1	White House	slot
1	1	White-bearded Manakin	codec
1	1	World War	slot
1	1	Wounded	slot
1	1	Wounds	slot
1	1	X-ray	slot
1	1	XMB	slot
1	1	Xbox LIVE and	olang
1	2	Xochiquetzal	codec
1	3	YES	slot
1	91	Yeah	codec
1	1	Yeti	codec
1	549	You	slot
1	1	YouTube	olang
1	1	Your List	slot
1	1	Yuri Gagarin	codec
1	1	ZAP	slot
1	1	ZEKE for	codec
1	1	ZEKE in	codec
1	1	ZEKE's	codec
1	2	ZEKE's AI	codec
1	1	ZOOMIN	codec
1	1	ZOOMOUT	codec
1	2	ZZZ	slot
1	1	Zulu	slot
