path	size	mode	count	status	crc_ok	resolved_entries
EXLANG\disc0_rel\0001112d.PDT	105482240	0x100	86	ok	8/8	
EXLANG\disc0_rel\002aba34.DAT	544145408	0x40	20437	hdr+0x20 names_off 0xb489134a != 0x3be24; node[0].gt=0x8c99cea83d87c38 outside 0..0x77bf8	-	
EXLANG\disc0_rel\0076531d.DAT	4166848	0x40	32020	hdr+0x20 names_off 0xe053ff00 != 0x5dd18; node[0].gt=0x978fde36d63de4d7 outside 0..0xbb9e0	-	
EXLANG\disc0_rel\009645fa.PDT	511334400	0x40	557	ok	-	
EXLANG\disc0_rel\00b2b2a8.PDT	279279616	0x100	608	ok	8/8	
EXLANG\disc0_rel\00b2b475.PDT	2826240	0x100	219	ok	219/219	
EXLANG\disc0_rel\00b2b4b6.PDT	82704384	0x100	2304	ok	8/8	
MLG\disc0_rel\0001112d.PDT	105482240	0x100	86	ok	8/8	
MLG\disc0_rel\002aba34.DAT	544555008	0x40	20437	hdr+0x20 names_off 0xb489134a != 0x3be24; node[0].gt=0xf78b67b5b9a279f7 outside 0..0x77bf8	-	
MLG\disc0_rel\0076531d.DAT	4142432	0x40	32020	hdr+0x20 names_off 0xe053ff00 != 0x5dd18; node[0].gt=0x57e0830d4ed83b67 outside 0..0xbb9e0	-	
MLG\disc0_rel\009645fa.PDT	511328256	0x40	557	ok	-	
MLG\disc0_rel\00b2b2a8.PDT	279279616	0x100	608	ok	8/8	
MLG\disc0_rel\00b2b475.PDT	2826240	0x100	219	ok	219/219	
MLG\disc0_rel\00b2b4b6.PDT	82704384	0x100	2304	ok	8/8	
MLG\disc0_rel\ADEMO\0018ef0c.pdt	1820672	0x100	3	ok	3/3	
MLG\disc0_rel\ADEMO\0018ef0d.pdt	3686400	0x100	5	ok	5/5	
MLG\disc0_rel\ADEMO\0058c6d6.pdt	8943616	0x100	12	ok	12/12	
MLG\disc0_rel\ADEMO\0058c716.pdt	1208320	0x100	3	ok	3/3	
MLG\disc0_rel\ADEMO\0058c736.pdt	3809280	0x100	6	ok	6/6	
MLG\disc0_rel\ADEMO\0058c756.pdt	2912256	0x100	4	ok	4/4	
MLG\disc0_rel\ADEMO\0058c796.pdt	3379200	0x100	6	ok	6/6	
MLG\disc0_rel\ADEMO\0058c7b6.pdt	2750464	0x100	3	ok	3/3	
MLG\disc0_rel\ADEMO\0058c7d6.pdt	4005888	0x100	6	ok	6/6	
MLG\disc0_rel\ADEMO\0058cab6.pdt	6103040	0x100	11	ok	11/11	
MLG\disc0_rel\ADEMO\0058cad6.pdt	9506816	0x100	8	ok	8/8	
MLG\disc0_rel\ADEMO\0058cafb.pdt	253952	0x100	2	ok	2/2	
MLG\disc0_rel\ADEMO\0058cb36.pdt	1818624	0x100	6	ok	6/6	
MLG\disc0_rel\ADEMO\0058cb3b.pdt	1955840	0x100	5	ok	5/5	
MLG\disc0_rel\ADEMO\0058cb56.pdt	8452096	0x100	10	ok	10/10	
MLG\disc0_rel\ADEMO\0058cb76.pdt	12249088	0x100	12	ok	12/12	
MLG\disc0_rel\ADEMO\0058cb96.pdt	7501824	0x100	4	ok	4/4	
MLG\disc0_rel\ADEMO\0058ceb6.pdt	12668928	0x100	16	ok	16/16	
MLG\disc0_rel\ADEMO\0058ced6.pdt	16920576	0x100	17	ok	8/8	
MLG\disc0_rel\ADEMO\0058cef6.pdt	11089920	0x100	13	ok	13/13	
MLG\disc0_rel\ADEMO\0058cf16.pdt	2418688	0x100	3	ok	3/3	
MLG\disc0_rel\ADEMO\0058cf96.pdt	9107456	0x100	10	ok	10/10	
MLG\disc0_rel\ADEMO\0058cfb6.pdt	9582592	0x100	9	ok	9/9	
MLG\disc0_rel\ADEMO\0058cfd6.pdt	15894528	0x100	16	ok	16/16	
MLG\disc0_rel\ADEMO\0058d2b6.pdt	7602176	0x100	11	ok	11/11	
MLG\disc0_rel\ADEMO\0058d2bb.pdt	8284160	0x100	12	ok	12/12	
MLG\disc0_rel\ADEMO\0058d336.pdt	7714816	0x100	9	ok	9/9	
MLG\disc0_rel\ADEMO\0058d376.pdt	5482496	0x100	12	ok	12/12	
MLG\disc0_rel\ADEMO\0058d3b6.pdt	2080768	0x100	2	ok	2/2	
MLG\disc0_rel\ADEMO\0058d3d6.pdt	10180608	0x100	8	ok	8/8	
MLG\disc0_rel\ADEMO\0058d6b6.pdt	3078144	0x100	6	ok	6/6	
MLG\disc0_rel\ADEMO\0058d6d6.pdt	5761024	0x100	5	ok	5/5	
MLG\disc0_rel\ADEMO\0058d756.pdt	4753408	0x100	4	ok	4/4	
MLG\disc0_rel\ADEMO\0058dab6.pdt	5025792	0x100	5	ok	5/5	
MLG\disc0_rel\ADEMO\0058dad6.pdt	1345536	0x100	2	ok	2/2	
MLG\disc0_rel\ADEMOHQ\0018ef0c.pdt	76288000	0x100	3	ok	3/3	
MLG\disc0_rel\ADEMOHQ\0018ef0d.pdt	107225088	0x100	5	ok	5/5	
MLG\disc0_rel\ADEMOHQ\0058c6d6.pdt	273725440	0x100	12	ok	8/8	
MLG\disc0_rel\ADEMOHQ\0058c716.pdt	40282112	0x100	3	ok	3/3	
MLG\disc0_rel\ADEMOHQ\0058c736.pdt	137060352	0x100	6	ok	6/6	
MLG\disc0_rel\ADEMOHQ\0058c756.pdt	116742144	0x100	4	ok	4/4	
MLG\disc0_rel\ADEMOHQ\0058c796.pdt	102924288	0x100	6	ok	6/6	
MLG\disc0_rel\ADEMOHQ\0058c7b6.pdt	94345216	0x100	3	ok	3/3	
MLG\disc0_rel\ADEMOHQ\0058c7d6.pdt	149581824	0x100	6	ok	6/6	
MLG\disc0_rel\ADEMOHQ\0058cab6.pdt	218107904	0x100	11	ok	8/8	
MLG\disc0_rel\ADEMOHQ\0058cad6.pdt	287264768	0x100	8	ok	8/8	
MLG\disc0_rel\ADEMOHQ\0058cafb.pdt	10430464	0x100	2	ok	2/2	
MLG\disc0_rel\ADEMOHQ\0058cb36.pdt	52783104	0x100	6	ok	6/6	
MLG\disc0_rel\ADEMOHQ\0058cb3b.pdt	60473344	0x100	5	ok	5/5	
MLG\disc0_rel\ADEMOHQ\0058cb56.pdt	303613952	0x100	10	ok	8/8	
MLG\disc0_rel\ADEMOHQ\0058cb76.pdt	317433856	0x100	12	ok	8/8	
MLG\disc0_rel\ADEMOHQ\0058cb96.pdt	245336064	0x100	4	ok	4/4	
MLG\disc0_rel\ADEMOHQ\0058ceb6.pdt	433756160	0x100	16	ok	8/8	
MLG\disc0_rel\ADEMOHQ\0058ced6.pdt	547158016	0x100	17	ok	8/8	
MLG\disc0_rel\ADEMOHQ\0058cef6.pdt	444241920	0x100	13	ok	8/8	
MLG\disc0_rel\ADEMOHQ\0058cf16.pdt	73228288	0x100	3	ok	3/3	
MLG\disc0_rel\ADEMOHQ\0058cf96.pdt	280053760	0x100	10	ok	8/8	
MLG\disc0_rel\ADEMOHQ\0058cfb6.pdt	341131264	0x100	9	ok	8/8	
MLG\disc0_rel\ADEMOHQ\0058cfd6.pdt	292059136	0x100	16	ok	8/8	
MLG\disc0_rel\ADEMOHQ\0058d2b6.pdt	154898432	0x100	11	ok	8/8	
MLG\disc0_rel\ADEMOHQ\0058d2bb.pdt	172908544	0x100	12	ok	8/8	
MLG\disc0_rel\ADEMOHQ\0058d336.pdt	314832896	0x100	9	ok	8/8	
MLG\disc0_rel\ADEMOHQ\0058d376.pdt	124141568	0x100	12	ok	8/8	
MLG\disc0_rel\ADEMOHQ\0058d3b6.pdt	60198912	0x100	2	ok	2/2	
MLG\disc0_rel\ADEMOHQ\0058d3d6.pdt	353476608	0x100	8	ok	8/8	
MLG\disc0_rel\ADEMOHQ\0058d6b6.pdt	105680896	0x100	6	ok	6/6	
MLG\disc0_rel\ADEMOHQ\0058d6d6.pdt	155944960	0x100	5	ok	5/5	
MLG\disc0_rel\ADEMOHQ\0058d756.pdt	129964032	0x100	4	ok	4/4	
MLG\disc0_rel\ADEMOHQ\0058dab6.pdt	120313856	0x100	5	ok	5/5	
MLG\disc0_rel\ADEMOHQ\0058dad6.pdt	41838592	0x100	2	ok	2/2	
ms0\EU\DLCBGM\e41b91fb.PDT	5091328	0x100	4	ok	4/4	DBMINFO@0x1000+0xd4, MUSIC@0x1800+0x4c6800, ZAPPIN@0x4c8000+0x13000
ms0\EU\DLCBGM\e41b91fc.PDT	2732032	0x100	4	ok	4/4	DBMINFO@0x1000+0xd4, MUSIC@0x1800+0x289000, ZAPPIN@0x28a800+0x10800
ms0\EU\DLCBGM\e41b91fd.PDT	2811904	0x100	4	ok	4/4	DBMINFO@0x1000+0xd4, MUSIC@0x1800+0x29a000, ZAPPIN@0x29b800+0x13000
ms0\EU\DLCBGM\e41b91fe.PDT	5574656	0x100	4	ok	4/4	DBMINFO@0x1000+0xd4, MUSIC@0x1800+0x53b800, ZAPPIN@0x53d000+0x14000
ms0\EU\DLCBGM\e41b91ff.PDT	2916352	0x100	4	ok	4/4	DBMINFO@0x1000+0xd4, MUSIC@0x1800+0x2b4000, ZAPPIN@0x2b5800+0x12800
ms0\EU\DLCBGM\e41b9200.PDT	4704256	0x100	4	ok	4/4	DBMINFO@0x1000+0xd4, MUSIC@0x1800+0x468000, ZAPPIN@0x469800+0x13000
ms0\EU\DLCBGM\e41b9201.PDT	4896768	0x100	4	ok	4/4	DBMINFO@0x1000+0xd4, MUSIC@0x1800+0x498000, ZAPPIN@0x499800+0x12000
ms0\EU\DLCBGM\e41b9202.PDT	3860480	0x100	4	ok	4/4	DBMINFO@0x1000+0xd4, MUSIC@0x1800+0x399800, ZAPPIN@0x39b000+0x13800
ms0\EU\DLCBGM\f01b9213.PDT	3958784	0x100	4	ok	4/4	DBMINFO@0x1000+0xd4, MUSIC@0x1800+0x3b1800, ZAPPIN@0x3b3000+0x13800
ms0\EU\DLCBGM\f01b9214.PDT	2512896	0x100	4	ok	4/4	DBMINFO@0x1000+0xd4, MUSIC@0x1800+0x24e800, ZAPPIN@0x250000+0x15800
ms0\EU\DLCBGM\f01b9215.PDT	2328576	0x100	4	ok	4/4	DBMINFO@0x1000+0xd4, MUSIC@0x1800+0x221000, ZAPPIN@0x222800+0x16000
ms0\EU\DLCBGM\f01b9216.PDT	2232320	0x100	4	ok	4/4	DBMINFO@0x1000+0xd4, MUSIC@0x1800+0x20f000, ZAPPIN@0x210800+0x10800
ms0\EU\DLCBGM\f01b9217.PDT	2811904	0x100	4	ok	4/4	DBMINFO@0x1000+0xd4, MUSIC@0x1800+0x29a000, ZAPPIN@0x29b800+0x13000
ms0\EU\DLCBGM\f01b9218.PDT	4544512	0x100	4	ok	4/4	DBMINFO@0x1000+0xd4, MUSIC@0x1800+0x442000, ZAPPIN@0x443800+0x12000
ms0\EU\DLCBGM\f01b9219.PDT	4059136	0x100	4	ok	4/4	DBMINFO@0x1000+0xd4, MUSIC@0x1800+0x3cb000, ZAPPIN@0x3cc800+0x12800
ms0\EU\DLCBGM\f01b921a.PDT	3602432	0x100	4	ok	4/4	DBMINFO@0x1000+0xd4, MUSIC@0x1800+0x35c800, ZAPPIN@0x35e000+0x11800
ms0\EU\DLCBGM\f01b921b.PDT	2762752	0x100	4	ok	4/4	DBMINFO@0x1000+0xd4, MUSIC@0x1800+0x290800, ZAPPIN@0x292000+0x10800
ms0\EU\DLCBGM\f01b921c.PDT	2723840	0x100	4	ok	4/4	DBMINFO@0x1000+0xd4, MUSIC@0x1800+0x285800, ZAPPIN@0x287000+0x12000
ms0\EU\DLCBGM\f01b9233.PDT	1816576	0x100	4	ok	4/4	DBMINFO@0x1000+0xd4, MUSIC@0x1800+0x1a7800, ZAPPIN@0x1a9000+0x12800
ms0\EU\DLCBGM\f01b9234.PDT	3256320	0x100	4	ok	4/4	DBMINFO@0x1000+0xd4, MUSIC@0x1800+0x306000, ZAPPIN@0x307800+0x13800
ms0\EU\DLCBGM\f01b9235.PDT	3043328	0x100	4	ok	4/4	DBMINFO@0x1000+0xd4, MUSIC@0x1800+0x2d1800, ZAPPIN@0x2d3000+0x14000
ms0\EU\DLCBGM\f01b9236.PDT	3450880	0x100	4	ok	4/4	DBMINFO@0x1000+0xd4, MUSIC@0x1800+0x335800, ZAPPIN@0x337000+0x13800
ms0\EU\DLCBGM\f01b9237.PDT	2297856	0x100	4	ok	4/4	DBMINFO@0x1000+0xd4, MUSIC@0x1800+0x21c800, ZAPPIN@0x21e000+0x13000
ms0\EU\DLCBGM\f01b9238.PDT	3258368	0x100	4	ok	4/4	DBMINFO@0x1000+0xd4, MUSIC@0x1800+0x306000, ZAPPIN@0x307800+0x14000
ms0\EU\DLCTEX\ad1af1fb.PDT	133120	0x100	3	ok	3/3	TEXT@0x1e000+0x2800
ms0\EU\DLCTEX\ad1af1fc.PDT	133120	0x100	3	ok	3/3	TEXT@0x1e000+0x2800
ms0\EU\DLCTEX\ad1af1fd.PDT	133120	0x100	3	ok	3/3	TEXT@0x1e000+0x2800
ms0\EU\DLCTEX\ad1af1fe.PDT	133120	0x100	3	ok	3/3	TEXT@0x1e000+0x2800
ms0\EU\DLCTEX\ad1af1ff.PDT	133120	0x100	3	ok	3/3	TEXT@0x1e000+0x2800
ms0\EU\DLCTEX\ad1af200.PDT	133120	0x100	3	ok	3/3	TEXT@0x1e000+0x2800
ms0\EU\DLCTEX\ad1af201.PDT	133120	0x100	3	ok	3/3	TEXT@0x1e000+0x2800
ms0\EU\DLCTEX\ad1af202.PDT	133120	0x100	3	ok	3/3	TEXT@0x1e000+0x2800
ms0\EU\DLCTEX\ad1af203.PDT	133120	0x100	3	ok	3/3	TEXT@0x1e000+0x2800
ms0\EU\DLCTEX\ad1af204.PDT	133120	0x100	3	ok	3/3	TEXT@0x1e000+0x2800
ms0\EU\DLCTEX\ad1af21b.PDT	133120	0x100	3	ok	3/3	TEXT@0x1e000+0x2800
ms0\EU\DLCTEX\ad1af21c.PDT	133120	0x100	3	ok	3/3	TEXT@0x1e000+0x2800
ms0\EU\DLCTEX\ad1af21d.PDT	133120	0x100	3	ok	3/3	TEXT@0x1e000+0x2800
ms0\EU\DLCTEX\ad1af21e.PDT	133120	0x100	3	ok	3/3	TEXT@0x1e000+0x2800
ms0\EU\DLCTEX\ad1af21f.PDT	133120	0x100	3	ok	3/3	TEXT@0x1e000+0x2800
ms0\EU\DLCTEX\ad1af220.PDT	133120	0x100	3	ok	3/3	TEXT@0x1e000+0x2800
ms0\EU\DLCTEX\ad1af221.PDT	133120	0x100	3	ok	3/3	TEXT@0x1e000+0x2800
ms0\EU\DLCTEX\ad1af222.PDT	133120	0x100	3	ok	3/3	TEXT@0x1e000+0x2800
ms0\EU\DLCTEX\ad1af223.PDT	133120	0x100	3	ok	3/3	TEXT@0x1e000+0x2800
ms0\EU\DLCTEX\ad1af224.PDT	133120	0x100	3	ok	3/3	TEXT@0x1e000+0x2800
ms0\EU\DLCTEX\ad1af23b.PDT	133120	0x100	3	ok	3/3	TEXT@0x1e000+0x2800
ms0\EU\DLCTEX\ad1af23c.PDT	133120	0x100	3	ok	3/3	TEXT@0x1e000+0x2800
ms0\EU\DLCTEX\ad1af23d.PDT	133120	0x100	3	ok	3/3	TEXT@0x1e000+0x2800
ms0\EU\DLCTEX\ad1af23e.PDT	133120	0x100	3	ok	3/3	TEXT@0x1e000+0x2800
ms0\EU\DLCTEX\ad1af240.PDT	75776	0x100	3	ok	3/3	TEXT@0x10000+0x2800
ms0\EU\DLCTEX\ad1af241.PDT	75776	0x100	3	ok	3/3	TEXT@0x10000+0x2800
ms0\EU\DLCVOICE\171ae461.PDT	1572864	0x100	76	ok	76/76	
ms0\EU\DLCVOICE\181ae463.PDT	1282048	0x100	40	ok	40/40	
ms0\EU\DLCVOICE\191ae465.PDT	800768	0x100	30	ok	30/30	
ms0\EU\DLCVOICE\1a1ae467.PDT	1021952	0x100	34	ok	34/34	
